utc_date,timestamp,open,high,low,close,adj_close,volume,target
2022-09-01,1662015600,8.4,15.55,7.52,8.3,8.3,10754100,-1
2022-09-02,1662102000,10.07,12.82,6.96,7.05,7.05,16406600,-1
2022-09-06,1662447600,6.34,6.59,5.08,5.39,5.39,2095800,1
2022-09-07,1662534000,7.0,7.78,5.6,5.75,5.75,12971800,-1
2022-09-08,1662620400,5.51,6.4,5.33,5.63,5.63,2380400,-1
2022-09-09,1662706800,5.5,5.59,4.65,4.78,4.78,1177700,-1
2022-09-12,1662966000,4.42,4.69,4.36,4.59,4.59,1082600,-1
2022-09-13,1663052400,4.46,4.56,4.06,4.14,4.14,683400,1
2022-09-14,1663138800,5.7,6.8,4.71,4.86,4.86,48561400,-1
2022-09-15,1663225200,4.63,5.38,4.37,4.74,4.74,5126100,-1
2022-09-16,1663311600,4.45,4.63,4.05,4.3,4.3,620500,-1
2022-09-19,1663570800,4.18,4.286,3.78,3.81,3.81,342000,-1
2022-09-20,1663657200,3.64,3.9,3.55,3.67,3.67,437600,-1
2022-09-21,1663743600,3.67,3.67,3.3,3.32,3.32,460300,-1
2022-09-22,1663830000,3.24,3.32,2.68,2.72,2.72,364300,-1
2022-09-23,1663916400,2.55,2.599,2.09,2.11,2.11,539200,0
2022-09-26,1664175600,2.15,2.49,2.021,2.12,2.12,602500,0
2022-09-27,1664262000,2.12,2.39,2.1,2.12,2.12,458900,1
2022-09-28,1664348400,3.6,4.23,2.79,2.92,2.92,50954700,1
2022-09-29,1664434800,2.88,3.11,2.75,3.0,3.0,1406900,-1
2022-09-30,1664521200,2.8,3.07,2.8,2.91,2.91,393000,-1
2022-10-03,1664780400,2.9,2.962,2.51,2.51,2.51,311700,1
2022-10-04,1664866800,2.52,2.988,2.52,2.94,2.94,259600,-1
2022-10-05,1664953200,2.93,2.96,2.63,2.76,2.76,133800,1
2022-10-06,1665039600,2.73,3.05,2.65,2.9,2.9,222600,1
2022-10-07,1665126000,2.87,3.15,2.796,2.95,2.95,185200,-1
2022-10-10,1665385200,2.84,2.95,2.67,2.78,2.78,191400,1
2022-10-11,1665471600,2.77,2.85,2.67,2.8,2.8,90200,0
2022-10-12,1665558000,2.8,2.875,2.61,2.79,2.79,158300,-1
2022-10-13,1665644400,2.62,2.787,2.51,2.66,2.66,92300,-1
2022-10-14,1665730800,2.63,2.689,2.55,2.62,2.62,72900,1
2022-10-17,1665990000,2.62,3.0,2.563,2.89,2.89,163300,1
2022-10-18,1666076400,3.2,3.25,3.0,3.14,3.14,493300,-1
2022-10-19,1666162800,3.13,3.17,2.74,2.9,2.9,218000,-1
2022-10-20,1666249200,2.74,2.95,2.7,2.8,2.8,146300,-1
2022-10-21,1666335600,2.75,2.88,2.55,2.61,2.61,192900,1
2022-10-24,1666594800,2.66,2.73,2.55,2.65,2.65,91600,1
2022-10-25,1666681200,2.73,2.98,2.56,2.71,2.71,170900,1
2022-10-26,1666767600,2.65,2.93,2.61,2.86,2.86,131500,-1
2022-10-27,1666854000,2.76,2.89,2.62,2.75,2.75,139700,1
2022-10-28,1666940400,2.76,2.9,2.67,2.8,2.8,103300,1
2022-10-31,1667199600,2.84,2.88,2.77,2.85,2.85,58800,-1
2022-11-01,1667286000,2.79,2.86,2.78,2.8,2.8,52300,1
2022-11-02,1667372400,2.78,2.89,2.78,2.89,2.89,68100,0
2022-11-03,1667458800,2.89,2.95,2.62,2.89,2.89,89200,-1
2022-11-04,1667545200,2.87,2.98,2.62,2.63,2.63,44400,1
2022-11-07,1667808000,2.63,2.715,2.55,2.65,2.65,45000,-1
2022-11-08,1667894400,2.645,2.783,2.568,2.62,2.62,20400,-1
2022-11-09,1667980800,2.6,2.86,2.35,2.385,2.385,173400,1
2022-11-10,1668067200,2.41,2.76,2.41,2.56,2.56,81500,1
2022-11-11,1668153600,2.56,3.0,2.46,2.83,2.83,113600,-1
2022-11-14,1668412800,2.75,2.8,2.64,2.75,2.75,46900,1
2022-11-15,1668499200,2.638,2.81,2.55,2.81,2.81,42000,-1
2022-11-16,1668585600,2.658,2.777,2.54,2.6,2.6,28700,1
2022-11-17,1668672000,2.54,2.7,2.52,2.649,2.649,23800,-1
2022-11-18,1668758400,2.69,2.69,2.53,2.56,2.56,19600,1
2022-11-21,1669017600,2.519,2.65,2.3,2.6,2.6,79900,1
2022-11-22,1669104000,2.57,2.65,2.535,2.65,2.65,52900,0
2022-11-23,1669190400,2.492,2.65,2.492,2.64,2.64,36300,-1
2022-11-25,1669363200,2.57,2.62,2.565,2.6,2.6,24600,1
2022-11-28,1669622400,2.54,2.8,2.515,2.64,2.64,71800,-1
2022-11-29,1669708800,2.59,2.71,2.574,2.6,2.6,16800,1
2022-11-30,1669795200,2.8,2.84,2.65,2.7,2.7,75600,1
2022-12-01,1669881600,2.734,2.79,2.675,2.77,2.77,39700,1
2022-12-02,1669968000,2.672,2.95,2.66,2.94,2.94,33200,1
2022-12-05,1670227200,2.96,3.194,2.88,3.05,3.05,40300,-1
2022-12-06,1670313600,2.97,3.17,2.86,3.02,3.02,26600,-1
2022-12-07,1670400000,2.8,3.0,2.52,2.65,2.65,36900,-1
2022-12-08,1670486400,2.76,2.76,2.55,2.55,2.55,49000,-1
2022-12-09,1670572800,2.5,2.6,1.92,2.02,2.02,205900,-1
2022-12-12,1670832000,2.02,2.05,1.955,2.0,2.0,36100,0
2022-12-13,1670918400,2.0,2.05,1.96,2.0,2.0,29600,0
2022-12-14,1671004800,2.015,2.02,1.98,2.01,2.01,50400,0
2022-12-15,1671091200,1.97,2.06,1.96,2.01,2.01,48000,-1
2022-12-16,1671177600,1.96,2.02,1.95,1.97,1.97,190400,-1
2022-12-19,1671436800,1.97,2.08,1.74,1.88,1.88,141700,-1
2022-12-20,1671523200,1.88,1.88,1.71,1.73,1.73,60500,-1
2022-12-21,1671609600,1.78,1.89,1.66,1.69,1.69,20500,1
2022-12-22,1671696000,1.615,1.92,1.55,1.81,1.81,28000,1
2022-12-23,1671782400,1.62,2.17,1.62,1.85,1.85,42700,-1
2022-12-27,1672128000,1.85,2.072,1.705,1.78,1.78,57500,-1
2022-12-28,1672214400,1.72,1.9,1.637,1.72,1.72,17100,-1
2022-12-29,1672300800,1.71,1.72,1.6,1.68,1.68,45900,-1
2022-12-30,1672387200,1.63,1.78,1.31,1.6,1.6,121700,-1
2023-01-03,1672732800,1.8,1.8,1.45,1.56,1.56,28300,1
2023-01-04,1672819200,1.78,1.78,1.49,1.65,1.65,70700,-1
2023-01-05,1672905600,1.7,1.703,1.51,1.63,1.63,55400,-1
2023-01-06,1672992000,1.94,1.94,1.52,1.6,1.6,23300,1
2023-01-09,1673251200,1.7,1.79,1.61,1.64,1.64,31600,1
2023-01-10,1673337600,1.7,1.93,1.61,1.8,1.8,48900,1
2023-01-11,1673424000,1.87,1.971,1.75,1.86,1.86,53600,1
2023-01-12,1673510400,1.89,2.07,1.85,1.9,1.9,50200,-1
2023-01-13,1673596800,1.85,1.91,1.63,1.66,1.66,88500,-1
2023-01-17,1673942400,1.7,1.72,1.58,1.61,1.61,40700,-1
2023-01-18,1674028800,1.61,1.61,1.5,1.53,1.53,51800,1
2023-01-19,1674115200,1.56,1.65,1.51,1.6,1.6,50800,-1
2023-01-20,1674201600,1.53,1.57,1.5,1.52,1.52,73800,1
2023-01-23,1674460800,1.48,1.62,1.48,1.59,1.59,44600,1
2023-01-24,1674547200,1.91,3.99,1.7,2.79,2.79,68813400,-1
2023-01-25,1674633600,2.56,2.86,2.35,2.62,2.62,2403600,1
2023-01-26,1674720000,2.69,3.67,2.62,3.06,3.06,5489200,-1
2023-01-27,1674806400,2.87,3.24,2.7,2.873,2.873,838400,-1
2023-01-30,1675065600,2.79,3.06,2.63,2.77,2.77,247900,-1
2023-01-31,1675152000,2.76,2.796,2.58,2.61,2.61,202500,0
2023-02-01,1675238400,2.66,2.8,2.5,2.6,2.6,192600,-1
2023-02-02,1675324800,2.54,2.69,2.45,2.55,2.55,102600,-1
2023-02-03,1675411200,2.52,2.52,2.36,2.38,2.38,95800,1
2023-02-06,1675670400,2.49,2.49,2.36,2.4,2.4,84900,-1
2023-02-07,1675756800,2.4,2.468,2.25,2.33,2.33,70100,-1
2023-02-08,1675843200,2.26,2.343,2.24,2.26,2.26,71000,-1
2023-02-09,1675929600,2.16,2.3,2.001,2.07,2.07,139900,-1
2023-02-10,1676016000,2.01,2.075,2.01,2.05,2.05,26900,1
2023-02-13,1676275200,2.0,2.18,2.0,2.11,2.11,51500,-1
2023-02-14,1676361600,2.15,2.198,2.0,2.04,2.04,22200,-1
2023-02-15,1676448000,2.0,2.02,1.9,2.02,2.02,18400,1
2023-02-16,1676534400,1.95,2.22,1.95,2.22,2.22,39800,-1
2023-02-17,1676620800,2.29,2.3,2.04,2.06,2.06,29000,-1
2023-02-21,1676966400,2.06,2.08,1.9,1.9,1.9,20900,1
2023-02-22,1677052800,1.922,2.09,1.9,1.94,1.94,32800,1
2023-02-23,1677139200,1.88,2.21,1.875,2.03,2.03,55900,-1
2023-02-24,1677225600,1.97,2.08,1.7,1.8,1.8,111600,-1
2023-02-27,1677484800,1.8,1.9,1.65,1.65,1.65,40500,1
2023-02-28,1677571200,1.66,1.96,1.61,1.7,1.7,488500,-1
2023-03-01,1677657600,1.672,1.777,1.56,1.66,1.66,71000,1
2023-03-02,1677744000,1.57,1.75,1.57,1.74,1.74,31000,1
2023-03-03,1677830400,1.7,1.8,1.7,1.75,1.75,47200,1
2023-03-06,1678089600,1.67,1.8,1.65,1.8,1.8,24700,-1
2023-03-07,1678176000,1.8,1.8,1.7,1.74,1.74,22500,-1
2023-03-08,1678262400,1.7,1.76,1.65,1.73,1.73,37000,-1
2023-03-09,1678348800,1.76,1.76,1.58,1.62,1.62,29000,-1
2023-03-10,1678435200,1.62,1.67,1.5,1.53,1.53,58000,1
2023-03-13,1678690800,1.51,1.73,1.51,1.7,1.7,15700,-1
2023-03-14,1678777200,1.52,1.7,1.52,1.653,1.653,11300,0
2023-03-15,1678863600,1.65,1.78,1.625,1.65,1.65,20000,1
2023-03-16,1678950000,1.6,1.76,1.6,1.68,1.68,12600,0
2023-03-17,1679036400,1.65,1.75,1.541,1.68,1.68,13900,-1
2023-03-20,1679295600,1.65,1.68,1.53,1.58,1.58,25700,1
2023-03-21,1679382000,1.618,1.84,1.59,1.72,1.72,62700,0
2023-03-22,1679468400,1.71,1.72,1.67,1.72,1.72,6700,1
2023-03-23,1679554800,1.75,1.8,1.66,1.8,1.8,24200,1
2023-03-24,1679641200,1.9,1.91,1.75,1.83,1.83,29600,0
2023-03-27,1679900400,1.82,1.83,1.74,1.83,1.83,16200,-1
2023-03-28,1679986800,1.862,1.9,1.689,1.75,1.75,24200,1
2023-03-29,1680073200,1.72,1.811,1.681,1.76,1.76,17400,1
2023-03-30,1680159600,1.8,1.85,1.68,1.8,1.8,11200,1
2023-03-31,1680246000,1.775,1.89,1.72,1.89,1.89,12100,-1
2023-04-03,1680505200,1.81,1.9,1.58,1.64,1.64,61400,1
2023-04-04,1680591600,1.64,1.75,1.63,1.67,1.67,34600,1
2023-04-05,1680678000,1.67,1.8,1.65,1.8,1.8,37300,-1
2023-04-06,1680764400,1.88,1.88,1.66,1.76,1.76,26000,-1
2023-04-10,1681110000,1.84,1.84,1.66,1.66,1.66,9600,0
2023-04-11,1681196400,1.66,1.81,1.66,1.66,1.66,7200,-1
2023-04-12,1681282800,1.67,1.69,1.615,1.63,1.63,27500,-1
2023-04-13,1681369200,1.61,1.7,1.59,1.61,1.61,29200,-1
2023-04-14,1681455600,1.62,1.63,1.51,1.56,1.56,29100,1
2023-04-17,1681714800,1.57,1.79,1.57,1.79,1.79,34600,1
2023-04-18,1681801200,1.79,1.93,1.68,1.93,1.93,49200,-1
2023-04-19,1681887600,1.959,2.0,1.8,1.81,1.81,104500,1
2023-04-20,1681974000,1.815,1.91,1.7,1.82,1.82,74200,1
2023-04-21,1682060400,1.82,1.91,1.8,1.89,1.89,18900,1
2023-04-24,1682319600,1.8,2.2,1.8,2.05,2.05,48400,0
2023-04-25,1682406000,2.1,2.1,1.97,2.05,2.05,18600,0
2023-04-26,1682492400,1.99,2.07,1.96,2.04,2.04,21000,-1
2023-04-27,1682578800,1.94,1.96,1.89,1.96,1.96,10900,-1
2023-04-28,1682665200,1.86,1.95,1.78,1.95,1.95,11400,1
2023-05-01,1682924400,1.94,2.08,1.913,2.05,2.05,6000,-1
2023-05-02,1683010800,2.24,2.24,2.02,2.03,2.03,8200,-1
2023-05-03,1683097200,2.03,2.12,1.88,1.89,1.89,15700,1
2023-05-04,1683183600,1.89,1.98,1.884,1.97,1.97,6700,1
2023-05-05,1683270000,2.1,2.1,1.9,2.03,2.03,7400,-1
2023-05-08,1683529200,2.05,2.05,1.9,1.99,1.99,12500,-1
2023-05-09,1683615600,1.95,1.95,1.89,1.9,1.9,10500,1
2023-05-10,1683702000,1.85,2.08,1.79,1.96,1.96,13800,-1
2023-05-11,1683788400,1.87,2.0,1.771,1.86,1.86,10600,-1
2023-05-12,1683874800,1.81,1.85,1.73,1.85,1.85,13200,-1
2023-05-15,1684134000,1.751,1.85,1.751,1.82,1.82,17200,1
2023-05-16,1684220400,1.82,1.865,1.76,1.85,1.85,11800,-1
2023-05-17,1684306800,1.75,1.84,1.75,1.8,1.8,5400,-1
2023-05-18,1684393200,1.76,1.875,1.73,1.78,1.78,7300,1
2023-05-19,1684479600,1.71,1.84,1.7,1.83,1.83,7600,1
2023-05-22,1684738800,1.83,1.9,1.83,1.9,1.9,14000,1
2023-05-23,1684825200,1.9,2.08,1.9,1.96,1.96,22500,-1
2023-05-24,1684911600,2.02,2.02,1.81,1.82,1.82,9800,1
2023-05-25,1684998000,1.818,1.96,1.818,1.92,1.92,5600,-1
2023-05-26,1685084400,1.92,1.93,1.863,1.88,1.88,7000,1
2023-05-30,1685430000,1.84,1.892,1.71,1.89,1.89,23900,-1
2023-05-31,1685516400,1.85,1.89,1.73,1.83,1.83,8000,-1
2023-06-01,1685602800,1.73,1.82,1.73,1.82,1.82,2200,0
2023-06-02,1685689200,1.78,1.89,1.78,1.82,1.82,7800,1
2023-06-05,1685948400,1.805,2.01,1.8,1.86,1.86,18800,0
2023-06-06,1686034800,1.82,1.9,1.762,1.852,1.852,8400,-1
2023-06-07,1686121200,1.83,2.15,1.75,1.83,1.83,106100,1
2023-06-08,1686207600,1.94,1.94,1.885,1.93,1.93,3600,1
2023-06-09,1686294000,2.0,2.04,2.0,2.03,2.03,13100,-1
2023-06-12,1686553200,2.01,2.04,1.91,1.95,1.95,12500,-1
2023-06-13,1686639600,2.01,2.01,1.901,1.92,1.92,11800,-1
2023-06-14,1686726000,1.93,1.93,1.7,1.74,1.74,85200,1
2023-06-15,1686812400,1.75,1.84,1.74,1.79,1.79,10800,0
2023-06-16,1686898800,1.78,1.89,1.71,1.79,1.79,9400,-1
2023-06-20,1687244400,1.83,1.83,1.68,1.68,1.68,12000,-1
2023-06-21,1687330800,1.61,1.7,1.58,1.58,1.58,50100,1
2023-06-22,1687417200,1.617,1.73,1.617,1.73,1.73,9300,1
2023-06-23,1687503600,1.72,1.835,1.7,1.78,1.78,13300,-1
2023-06-26,1687762800,1.8,1.815,1.67,1.77,1.77,4400,0
2023-06-27,1687849200,1.77,1.77,1.7,1.769,1.769,12500,-1
2023-06-28,1687935600,1.748,1.81,1.7,1.75,1.75,15100,1
2023-06-29,1688022000,1.72,1.87,1.72,1.78,1.78,12100,1
2023-06-30,1688108400,1.781,1.83,1.781,1.83,1.83,1000,1
2023-07-03,1688367600,1.82,1.89,1.811,1.89,1.89,6400,-1
2023-07-05,1688540400,1.8,1.91,1.73,1.73,1.73,3600,1
2023-07-06,1688626800,1.781,1.86,1.75,1.86,1.86,4400,-1
2023-07-07,1688713200,1.78,1.85,1.72,1.81,1.81,6600,-1
2023-07-10,1688972400,1.96,1.96,1.72,1.73,1.73,7400,1
2023-07-11,1689058800,1.764,1.93,1.76,1.76,1.76,2900,-1
2023-07-12,1689145200,1.84,1.84,1.52,1.71,1.71,67800,1
2023-07-13,1689231600,1.71,1.835,1.65,1.76,1.76,6300,1
2023-07-14,1689318000,1.75,1.85,1.71,1.77,1.77,11700,-1
2023-07-17,1689577200,1.71,1.745,1.71,1.745,1.745,1700,1
2023-07-18,1689663600,1.815,1.93,1.768,1.82,1.82,22200,-1
2023-07-19,1689750000,1.88,1.88,1.759,1.76,1.76,12100,1
2023-07-20,1689836400,1.75,1.82,1.74,1.8,1.8,24500,-1
2023-07-21,1689922800,1.87,1.87,1.73,1.76,1.76,23800,-1
2023-07-24,1690182000,1.7,1.83,1.7,1.75,1.75,14700,0
2023-07-25,1690268400,1.75,1.83,1.75,1.752,1.752,7500,1
2023-07-26,1690354800,1.76,1.81,1.76,1.81,1.81,2600,0
2023-07-27,1690441200,1.89,1.9,1.77,1.81,1.81,14400,1
2023-07-28,1690527600,1.77,1.839,1.75,1.839,1.839,8100,-1
2023-07-31,1690786800,1.78,1.85,1.71,1.76,1.76,21700,1
2023-08-01,1690873200,1.84,1.86,1.76,1.86,1.86,8600,1
2023-08-02,1690959600,1.835,1.98,1.76,1.9,1.9,32100,-1
2023-08-03,1691046000,1.82,1.93,1.77,1.77,1.77,3400,1
2023-08-04,1691132400,1.76,1.81,1.76,1.79,1.79,11000,-1
2023-08-07,1691391600,1.83,1.87,1.73,1.74,1.74,11600,-1
2023-08-08,1691478000,1.68,1.789,1.68,1.71,1.71,8000,1
2023-08-09,1691564400,1.668,1.87,1.668,1.76,1.76,7900,1
2023-08-10,1691650800,1.75,1.82,1.68,1.82,1.82,9700,1
2023-08-11,1691737200,1.74,1.88,1.7,1.87,1.87,9700,-1
2023-08-14,1691996400,1.79,1.85,1.65,1.85,1.85,12200,0
2023-08-15,1692082800,1.73,1.855,1.71,1.855,1.855,1100,0
2023-08-16,1692169200,1.825,1.85,1.73,1.85,1.85,2100,-1
2023-08-17,1692255600,1.8,1.86,1.77,1.83,1.83,10100,-1
2023-08-18,1692342000,1.711,1.87,1.71,1.798,1.798,1800,0
2023-08-21,1692601200,1.732,1.85,1.732,1.8,1.8,2100,0
2023-08-22,1692687600,1.799,1.799,1.799,1.799,1.799,1000,0
2023-08-23,1692774000,1.803,1.83,1.8,1.806,1.806,1400,-1
2023-08-24,1692860400,1.77,1.85,1.64,1.72,1.72,8100,0
2023-08-25,1692946800,1.724,1.724,1.724,1.724,1.724,800,1
2023-08-28,1693206000,1.78,1.78,1.7,1.75,1.75,2700,1
2023-08-29,1693292400,1.75,1.89,1.63,1.88,1.88,4000,-1
2023-08-30,1693378800,1.82,1.82,1.73,1.73,1.73,1400,0
2023-08-31,1693465200,1.7,1.785,1.7,1.73,1.73,1900,1
2023-09-01,1693551600,1.8,1.84,1.6,1.8,1.8,23400,-1
2023-09-05,1693897200,1.75,1.78,1.75,1.766,1.766,1700,-1
2023-09-06,1693983600,1.67,1.79,1.6,1.73,1.73,5400,-1
2023-09-07,1694070000,1.64,1.73,1.63,1.72,1.72,12600,1
2023-09-08,1694156400,1.73,1.76,1.66,1.76,1.76,13000,-1
2023-09-11,1694415600,1.69,1.8,1.67,1.67,1.67,2600,1
2023-09-12,1694502000,1.8,1.8,1.67,1.7,1.7,2200,-1
2023-09-13,1694588400,1.63,1.79,1.6,1.62,1.62,26800,1
2023-09-14,1694674800,1.67,1.71,1.56,1.7,1.7,13300,-1
2023-09-15,1694761200,1.64,1.759,1.64,1.69,1.69,1800,-1
2023-09-18,1695020400,1.557,1.69,1.557,1.681,1.681,6200,-1
2023-09-19,1695106800,1.68,1.7,1.538,1.62,1.62,11100,-1
2023-09-20,1695193200,1.63,1.63,1.54,1.54,1.54,7800,-1
2023-09-21,1695279600,1.4,1.43,1.02,1.06,1.06,39000,-1
2023-09-22,1695366000,1.1,1.13,1.03,1.03,1.03,24200,-1
2023-09-25,1695625200,1.084,1.118,0.99,0.99,0.99,41500,1
2023-09-26,1695711600,0.955,1.18,0.955,1.09,1.09,11300,1
2023-09-27,1695798000,1.13,1.18,1.1,1.15,1.15,6900,1
2023-09-28,1695884400,1.16,1.2,1.16,1.16,1.16,3700,0
2023-09-29,1695970800,1.2,1.24,1.15,1.164,1.164,4800,1
2023-10-02,1696230000,1.21,1.44,1.21,1.42,1.42,34300,-1
2023-10-03,1696316400,1.36,1.36,1.16,1.33,1.33,10900,0
2023-10-04,1696402800,1.13,1.34,1.13,1.33,1.33,14900,1
2023-10-05,1696489200,1.314,1.35,1.314,1.35,1.35,1500,-1
2023-10-06,1696575600,1.24,1.24,1.18,1.24,1.24,1500,1
2023-10-09,1696834800,1.336,1.336,1.3,1.32,1.32,1800,1
2023-10-10,1696921200,1.43,1.43,1.32,1.35,1.35,2300,1
2023-10-11,1697007600,1.43,1.509,1.43,1.46,1.46,16600,-1
2023-10-12,1697094000,1.45,1.45,1.32,1.33,1.33,4100,0
2023-10-13,1697180400,1.424,1.424,1.327,1.327,1.327,2600,1
2023-10-16,1697439600,1.43,1.45,1.34,1.36,1.36,2800,0
2023-10-17,1697526000,1.39,1.45,1.36,1.36,1.36,8200,-1
2023-10-18,1697612400,1.36,1.36,1.342,1.342,1.342,2000,1
2023-10-19,1697698800,1.34,1.51,1.34,1.35,1.35,1800,1
2023-10-20,1697785200,1.35,1.44,1.35,1.44,1.44,1900,-1
2023-10-23,1698044400,1.45,1.49,1.35,1.41,1.41,1200,1
2023-10-24,1698130800,1.48,1.48,1.48,1.48,1.48,300,-1
2023-10-25,1698217200,1.361,1.361,1.356,1.356,1.356,1400,1
2023-10-26,1698303600,1.368,1.49,1.342,1.49,1.49,1800,-1
2023-10-27,1698390000,1.34,1.4,1.34,1.35,1.35,2200,-1
2023-10-30,1698649200,1.41,1.41,1.15,1.18,1.18,17800,1
2023-10-31,1698735600,1.262,1.262,1.262,1.262,1.262,800,1
2023-11-01,1698822000,1.32,1.33,1.22,1.28,1.28,1800,1
2023-11-02,1698908400,1.23,1.29,1.23,1.29,1.29,800,1
2023-11-03,1698994800,1.29,1.48,1.29,1.413,1.413,12200,-1
2023-11-06,1699257600,1.49,1.49,1.37,1.37,1.37,1900,1
2023-11-07,1699344000,1.38,1.4,1.38,1.39,1.39,2400,1
2023-11-08,1699430400,1.399,1.48,1.35,1.48,1.48,12900,0
2023-11-09,1699516800,1.45,1.48,1.45,1.48,1.48,1600,-1
2023-11-10,1699603200,1.5,1.5,1.42,1.46,1.46,5300,-1
2023-11-13,1699862400,1.39,1.51,1.39,1.433,1.433,4600,1
2023-11-14,1699948800,1.4,1.5,1.4,1.441,1.441,6900,-1
2023-11-15,1700035200,1.45,1.45,1.38,1.415,1.415,8300,1
2023-11-16,1700121600,1.38,1.43,1.38,1.43,1.43,16300,-1
2023-11-17,1700208000,1.428,1.428,1.38,1.39,1.39,3000,1
2023-11-20,1700467200,1.38,1.45,1.38,1.44,1.44,5600,-1
2023-11-21,1700553600,1.38,1.43,1.38,1.41,1.41,4800,-1
2023-11-22,1700640000,1.4,1.45,1.38,1.38,1.38,5100,1
2023-11-24,1700812800,1.39,1.48,1.38,1.4,1.4,19400,1
2023-11-27,1701072000,1.39,1.49,1.38,1.41,1.41,9500,0
2023-11-28,1701158400,1.41,1.45,1.38,1.405,1.405,3300,-1
2023-11-29,1701244800,1.42,1.474,1.35,1.35,1.35,10500,1
2023-11-30,1701331200,1.5,1.75,1.46,1.66,1.66,181500,1
2023-12-01,1701417600,1.59,1.69,1.48,1.69,1.69,29600,-1
2023-12-04,1701676800,1.65,1.65,1.58,1.6,1.6,21600,-1
2023-12-05,1701763200,1.521,1.67,1.52,1.555,1.555,19100,-1
2023-12-06,1701849600,1.55,1.55,1.46,1.5,1.5,35100,1
2023-12-07,1701936000,1.46,1.53,1.46,1.52,1.52,2100,-1
2023-12-08,1702022400,1.45,1.49,1.39,1.41,1.41,37200,-1
2023-12-11,1702281600,1.4,1.49,1.39,1.39,1.39,15000,1
2023-12-12,1702368000,1.402,1.456,1.4,1.4,1.4,8600,-1
2023-12-13,1702454400,1.687,1.687,1.36,1.36,1.36,22700,1
2023-12-14,1702540800,1.44,1.6,1.36,1.44,1.44,30000,1
2023-12-15,1702627200,1.56,1.56,1.4,1.54,1.54,61500,-1
2023-12-18,1702886400,1.33,1.45,1.33,1.4,1.4,18100,1
2023-12-19,1702972800,1.47,1.75,1.415,1.45,1.45,36100,1
2023-12-20,1703059200,1.74,1.74,1.38,1.59,1.59,38600,-1
2023-12-21,1703145600,1.53,1.53,1.394,1.46,1.46,13300,1
2023-12-22,1703232000,1.515,1.56,1.488,1.52,1.52,2300,1
2023-12-26,1703577600,1.62,1.71,1.53,1.67,1.67,46200,-1
2023-12-27,1703664000,1.615,1.63,1.561,1.63,1.63,5200,1
2023-12-28,1703750400,1.65,1.67,1.567,1.67,1.67,9500,-1
2023-12-29,1703836800,1.6,1.6,1.471,1.471,1.471,13500,1
2024-01-02,1704182400,1.56,1.69,1.483,1.69,1.69,8300,-1
2024-01-03,1704268800,1.7,1.7,1.52,1.52,1.52,9100,-1
2024-01-04,1704355200,1.56,1.64,1.46,1.46,1.46,9100,1
2024-01-05,1704441600,1.59,1.59,1.41,1.53,1.53,2800,1
2024-01-08,1704700800,1.64,1.64,1.51,1.56,1.56,7400,-1
2024-01-09,1704787200,1.61,1.629,1.43,1.55,1.55,4600,-1
2024-01-10,1704873600,1.65,1.65,1.5,1.54,1.54,5700,1
2024-01-11,1704960000,1.48,1.62,1.48,1.596,1.596,8600,-1
2024-01-12,1705046400,1.6,1.6,1.49,1.49,1.49,13500,1
2024-01-16,1705392000,1.589,1.589,1.49,1.57,1.57,5000,-1
2024-01-17,1705478400,1.5,1.588,1.5,1.51,1.51,17800,1
2024-01-18,1705564800,1.58,1.59,1.49,1.535,1.535,10100,0
2024-01-19,1705651200,1.54,1.6,1.48,1.54,1.54,9300,-1
2024-01-22,1705910400,1.51,1.54,1.49,1.51,1.51,4600,1
2024-01-23,1705996800,1.59,1.59,1.55,1.55,1.55,7500,0
2024-01-24,1706083200,1.55,1.62,1.545,1.55,1.55,13000,1
2024-01-25,1706169600,1.551,1.64,1.55,1.585,1.585,47800,1
2024-01-26,1706256000,1.6,1.64,1.59,1.64,1.64,8100,-1
2024-01-29,1706515200,1.6,1.65,1.55,1.6,1.6,17500,0
2024-01-30,1706601600,1.64,1.648,1.554,1.6,1.6,3900,-1
2024-01-31,1706688000,1.58,1.61,1.57,1.57,1.57,2000,-1
2024-02-01,1706774400,1.57,1.61,1.54,1.54,1.54,10800,1
2024-02-02,1706860800,1.55,1.6,1.54,1.58,1.58,3800,0
2024-02-05,1707120000,1.541,1.576,1.541,1.576,1.576,700,-1
2024-02-06,1707206400,1.57,1.58,1.54,1.56,1.56,13000,1
2024-02-07,1707292800,1.55,1.571,1.54,1.571,1.571,11300,0
2024-02-08,1707379200,1.63,1.63,1.57,1.57,1.57,9200,1
2024-02-09,1707465600,1.556,1.63,1.55,1.58,1.58,3200,-1
2024-02-12,1707724800,1.58,1.58,1.51,1.52,1.52,56300,0
2024-02-13,1707811200,1.52,1.583,1.52,1.52,1.52,4800,1
2024-02-14,1707897600,1.53,1.54,1.52,1.54,1.54,6100,-1
2024-02-15,1707984000,1.52,1.535,1.51,1.51,1.51,7500,1
2024-02-16,1708070400,1.54,1.54,1.52,1.52,1.52,8900,-1
2024-02-20,1708416000,1.49,1.54,1.49,1.5,1.5,10400,-1
2024-02-21,1708502400,1.5,1.5,1.47,1.47,1.47,3600,-1
2024-02-22,1708588800,1.52,1.54,1.41,1.42,1.42,15300,1
2024-02-23,1708675200,1.42,2.15,1.42,1.8,1.8,316300,1
2024-02-26,1708934400,1.8,1.89,1.616,1.82,1.82,40900,1
2024-02-27,1709020800,1.96,2.07,1.9,2.06,2.06,45100,1
2024-02-28,1709107200,2.099,2.18,2.08,2.15,2.15,49800,1
2024-02-29,1709193600,2.19,2.49,2.08,2.32,2.32,71500,-1
2024-03-01,1709280000,2.34,2.39,2.1,2.1,2.1,60100,1
2024-03-04,1709539200,2.23,2.37,1.94,2.35,2.35,93000,1
2024-03-05,1709625600,2.49,3.62,2.46,3.0,3.0,3616800,-1
2024-03-06,1709712000,3.08,3.08,1.39,1.5,1.5,1964300,1
2024-03-07,1709798400,1.6,1.7,1.41,1.55,1.55,394800,-1
2024-03-08,1709884800,1.55,1.55,1.43,1.53,1.53,146400,1
2024-03-11,1710140400,1.55,2.15,1.54,2.03,2.03,1058400,-1
2024-03-12,1710226800,2.0,2.15,1.87,2.01,2.01,262400,-1
2024-03-13,1710313200,2.04,2.11,1.8,1.915,1.915,300100,-1
2024-03-14,1710399600,1.96,1.96,1.6,1.77,1.77,198900,1
2024-03-15,1710486000,1.88,1.94,1.763,1.9,1.9,138400,1
2024-03-18,1710745200,2.03,2.18,2.01,2.13,2.13,359300,-1
2024-03-19,1710831600,2.13,2.14,2.02,2.07,2.07,249900,-1
2024-03-20,1710918000,2.02,2.13,1.85,1.94,1.94,172100,1
2024-03-21,1711004400,2.07,2.09,1.98,2.04,2.04,197100,1
2024-03-22,1711090800,2.06,2.14,2.03,2.13,2.13,181700,0
2024-03-25,1711350000,2.13,2.14,2.07,2.12,2.12,71800,-1
2024-03-26,1711436400,2.16,2.16,2.03,2.09,2.09,74800,0
2024-03-27,1711522800,2.1,2.1,2.01,2.08,2.08,49800,-1
2024-03-28,1711609200,2.05,2.05,1.96,2.02,2.02,74000,1
2024-04-01,1711954800,2.08,2.13,1.971,2.09,2.09,95100,1
2024-04-02,1712041200,2.09,2.14,2.01,2.12,2.12,122800,1
2024-04-03,1712127600,2.15,2.24,2.06,2.24,2.24,155700,1
2024-04-04,1712214000,2.18,2.95,2.179,2.58,2.58,587000,1
2024-04-05,1712300400,2.68,3.0,2.3,2.69,2.69,418100,-1
2024-04-08,1712559600,2.91,2.95,2.5,2.65,2.65,118600,-1
2024-04-09,1712646000,2.7,2.7,2.5,2.61,2.61,93200,-1
2024-04-10,1712732400,2.6,2.6,2.52,2.55,2.55,63000,-1
2024-04-11,1712818800,2.52,2.55,2.3,2.35,2.35,184900,0
2024-04-12,1712905200,2.48,2.48,2.31,2.36,2.36,161300,1
2024-04-15,1713164400,2.33,2.89,2.321,2.76,2.76,443300,1
2024-04-16,1713250800,2.8,2.89,2.5,2.83,2.83,130400,1
2024-04-17,1713337200,2.89,3.1,2.887,2.91,2.91,209500,-1
2024-04-18,1713423600,2.93,2.99,2.76,2.79,2.79,142900,0
2024-04-19,1713510000,2.81,2.88,2.73,2.78,2.78,218800,1
2024-04-22,1713769200,2.77,3.163,2.74,3.0,3.0,245600,-1
2024-04-23,1713855600,2.99,3.1,2.52,2.59,2.59,403700,-1
2024-04-24,1713942000,2.52,2.66,2.38,2.45,2.45,112700,-1
2024-04-25,1714028400,2.45,2.6,2.31,2.41,2.41,119500,-1
2024-04-26,1714114800,2.32,2.43,2.32,2.37,2.37,94800,1
2024-04-29,1714374000,2.36,2.59,2.31,2.53,2.53,69700,-1
2024-04-30,1714460400,2.56,2.655,2.365,2.45,2.45,76500,0
2024-05-01,1714546800,2.49,2.55,2.36,2.45,2.45,80100,-1
2024-05-02,1714633200,2.5,2.5,2.25,2.29,2.29,107800,-1
2024-05-03,1714719600,2.24,2.251,2.03,2.09,2.09,116800,-1
2024-05-06,1714978800,2.04,2.15,1.931,1.97,1.97,150100,1
2024-05-07,1715065200,1.96,2.11,1.93,2.08,2.08,87400,0
2024-05-08,1715151600,2.05,2.103,1.99,2.07,2.07,43600,-1
2024-05-09,1715238000,2.08,2.09,1.95,2.02,2.02,102900,-1
2024-05-10,1715324400,2.06,2.09,1.96,2.0,2.0,81800,-1
2024-05-13,1715583600,2.0,2.04,1.95,1.99,1.99,98400,-1
2024-05-14,1715670000,1.95,2.0,1.81,1.87,1.87,191300,1
2024-05-15,1715756400,1.86,1.94,1.804,1.88,1.88,88300,1
2024-05-16,1715842800,1.87,2.55,1.87,2.45,2.45,411300,-1
2024-05-17,1715929200,2.59,2.6,2.184,2.26,2.26,132200,-1
2024-05-20,1716188400,2.28,2.3,2.19,2.22,2.22,48500,1
2024-05-21,1716274800,2.28,2.48,2.277,2.37,2.37,73300,1
2024-05-22,1716361200,2.38,2.49,2.36,2.48,2.48,68200,-1
2024-05-23,1716447600,2.48,2.578,2.45,2.46,2.46,84200,1
2024-05-24,1716534000,2.46,2.68,2.44,2.67,2.67,105100,-1
2024-05-28,1716879600,2.64,2.66,2.49,2.54,2.54,75100,-1
2024-05-29,1716966000,2.46,2.58,2.27,2.45,2.45,82800,-1
2024-05-30,1717052400,2.4,2.55,2.4,2.42,2.42,42600,-1
2024-05-31,1717138800,2.41,2.46,2.317,2.4,2.4,26900,-1
2024-06-03,1717398000,2.4,2.55,2.33,2.37,2.37,37800,-1
2024-06-04,1717484400,2.5,2.5,2.25,2.35,2.35,34300,0
2024-06-05,1717570800,2.29,2.39,2.21,2.35,2.35,64900,-1
2024-06-06,1717657200,2.42,2.42,2.229,2.27,2.27,57300,1
2024-06-07,1717743600,2.21,2.31,2.21,2.3,2.3,46600,-1
2024-06-10,1718002800,2.29,2.37,2.23,2.26,2.26,46800,-1
2024-06-11,1718089200,2.268,2.28,2.18,2.21,2.21,30900,-1
2024-06-12,1718175600,2.19,2.4,2.1,2.18,2.18,145400,-1
2024-06-13,1718262000,2.13,2.17,2.02,2.107,2.107,91300,-1
2024-06-14,1718348400,1.93,2.11,1.93,2.0,2.0,72000,-1
2024-06-17,1718607600,1.91,2.04,1.91,1.96,1.96,90400,-1
2024-06-18,1718694000,1.96,2.02,1.9,1.9,1.9,111200,-1
2024-06-20,1718866800,1.87,1.91,1.86,1.86,1.86,32500,-1
2024-06-21,1718953200,1.9,2.0,1.76,1.76,1.76,78000,1
2024-06-24,1719212400,1.83,1.95,1.83,1.9,1.9,58000,1
2024-06-25,1719298800,1.96,1.99,1.911,1.92,1.92,22200,-1
2024-06-26,1719385200,1.93,1.94,1.9,1.9,1.9,14300,1
2024-06-27,1719471600,1.96,2.24,1.925,2.13,2.13,119600,1
2024-06-28,1719558000,2.13,2.24,2.07,2.16,2.16,55400,1
2024-07-01,1719817200,2.35,2.36,2.14,2.22,2.22,46800,-1
2024-07-02,1719903600,2.28,2.31,2.17,2.17,2.17,54600,0
2024-07-03,1719990000,2.2,2.22,2.169,2.17,2.17,21500,1
2024-07-05,1720162800,2.2,2.345,2.191,2.27,2.27,41800,1
2024-07-08,1720422000,2.35,2.5,2.28,2.37,2.37,194200,1
2024-07-09,1720508400,2.51,2.66,2.47,2.54,2.54,347100,-1
2024-07-10,1720594800,2.59,2.66,2.41,2.5,2.5,174800,-1
2024-07-11,1720681200,2.5,2.5,2.36,2.44,2.44,69700,1
2024-07-12,1720767600,2.49,2.7,2.45,2.56,2.56,219900,-1
2024-07-15,1721026800,2.56,2.62,2.48,2.53,2.53,46100,-1
2024-07-16,1721113200,2.58,2.59,2.4,2.43,2.43,119900,-1
2024-07-17,1721199600,2.39,2.475,2.28,2.35,2.35,95100,1
2024-07-18,1721286000,2.34,2.67,2.34,2.5,2.5,75000,-1
2024-07-19,1721372400,2.47,2.527,2.397,2.45,2.45,16600,1
2024-07-22,1721631600,2.6,2.659,2.4,2.53,2.53,73000,1
2024-07-23,1721718000,2.64,2.75,2.53,2.67,2.67,127000,1
2024-07-24,1721804400,2.75,2.989,2.7,2.82,2.82,238800,-1
2024-07-25,1721890800,2.8,2.8,2.56,2.68,2.68,145900,1
2024-07-26,1721977200,2.81,2.81,2.66,2.71,2.71,115700,-1
2024-07-29,1722236400,2.69,2.75,2.59,2.63,2.63,118200,-1
2024-07-30,1722322800,2.62,2.69,2.36,2.39,2.39,111000,1
2024-07-31,1722409200,2.34,2.57,2.34,2.49,2.49,46900,-1
2024-08-01,1722495600,2.41,2.48,2.36,2.38,2.38,44100,-1
2024-08-02,1722582000,1.57,1.78,1.25,1.73,1.73,1383900,-1
2024-08-05,1722841200,1.8,1.99,1.65,1.65,1.65,349700,1
2024-08-06,1722927600,1.71,2.41,1.71,1.8,1.8,232100,-1
2024-08-07,1723014000,1.78,1.802,1.601,1.72,1.72,137800,1
2024-08-08,1723100400,1.8,1.98,1.61,1.76,1.76,139800,1
2024-08-09,1723186800,1.75,1.78,1.68,1.78,1.78,31900,1
2024-08-12,1723446000,1.8,1.8,1.6,1.8,1.8,104200,-1
2024-08-13,1723532400,1.67,1.78,1.65,1.72,1.72,51600,1
2024-08-14,1723618800,1.76,1.79,1.66,1.78,1.78,71900,-1
2024-08-15,1723705200,1.8,1.8,1.7,1.73,1.73,82700,1
2024-08-16,1723791600,1.73,1.85,1.725,1.81,1.81,45700,-1
2024-08-19,1724050800,1.83,1.843,1.69,1.77,1.77,58500,-1
2024-08-20,1724137200,1.72,1.77,1.65,1.71,1.71,35700,1
2024-08-21,1724223600,1.725,1.77,1.72,1.74,1.74,18100,0
2024-08-22,1724310000,1.75,1.79,1.72,1.74,1.74,17200,-1
2024-08-23,1724396400,1.72,1.75,1.67,1.723,1.723,29500,-1
2024-08-26,1724655600,1.7,1.74,1.61,1.69,1.69,44200,-1
2024-08-27,1724742000,1.65,1.679,1.62,1.62,1.62,25700,-1
2024-08-28,1724828400,1.606,1.65,1.529,1.58,1.58,58300,-1
2024-08-29,1724914800,1.56,1.591,1.53,1.55,1.55,34700,-1
2024-08-30,1725001200,1.52,1.53,1.42,1.5,1.5,108600,-1
2024-09-03,1725346800,1.4,1.49,1.33,1.39,1.39,74700,1
2024-09-04,1725433200,1.37,1.42,1.31,1.4,1.4,108100,-1
2024-09-05,1725519600,1.4,1.4,1.36,1.385,1.385,13200,-1
2024-09-06,1725606000,1.37,1.37,1.305,1.32,1.32,47900,1
2024-09-09,1725865200,1.31,1.39,1.3,1.39,1.39,34500,0
2024-09-10,1725951600,1.42,1.448,1.38,1.39,1.39,13800,1
2024-09-11,1726038000,1.41,1.87,1.38,1.78,1.78,316600,-1
2024-09-12,1726124400,1.73,1.745,1.62,1.65,1.65,47000,1
2024-09-13,1726210800,1.75,1.75,1.66,1.74,1.74,24000,-1
2024-09-16,1726470000,1.77,1.79,1.72,1.73,1.73,14000,1
2024-09-17,1726556400,1.83,1.99,1.739,1.85,1.85,109100,-1
2024-09-18,1726642800,1.94,1.97,1.82,1.82,1.82,97500,1
2024-09-19,1726729200,1.97,2.06,1.9,2.01,2.01,153100,1
2024-09-20,1726815600,2.05,2.1,1.853,2.06,2.06,155200,-1
2024-09-23,1727074800,2.05,2.07,1.96,1.96,1.96,65500,1
2024-09-24,1727161200,2.08,2.11,1.96,2.04,2.04,106800,1
2024-09-25,1727247600,2.1,2.259,2.04,2.1,2.1,136400,-1
2024-09-26,1727334000,2.18,2.196,1.88,1.97,1.97,201700,1
2024-09-27,1727420400,2.1,2.1,2.017,2.06,2.06,39400,1
2024-09-30,1727679600,2.04,2.1,2.02,2.08,2.08,55900,-1
2024-10-01,1727766000,2.1,2.1,1.97,2.06,2.06,52300,-1
2024-10-02,1727852400,1.95,2.02,1.85,1.89,1.89,79100,-1
2024-10-03,1727938800,1.978,1.978,1.855,1.87,1.87,27200,-1
2024-10-04,1728025200,1.855,1.88,1.76,1.82,1.82,59200,-1
2024-10-07,1728284400,1.8,1.82,1.701,1.74,1.74,43300,1
2024-10-08,1728370800,1.72,1.78,1.65,1.75,1.75,61300,1
2024-10-09,1728457200,1.84,2.0,1.68,1.99,1.99,113900,-1
2024-10-10,1728543600,1.9,1.97,1.89,1.93,1.93,28700,-1
2024-10-11,1728630000,1.86,1.94,1.85,1.91,1.91,26000,-1
2024-10-14,1728889200,2.04,2.04,1.84,1.87,1.87,43200,1
2024-10-15,1728975600,1.91,1.99,1.88,1.98,1.98,43000,1
2024-10-16,1729062000,1.99,2.18,1.942,2.18,2.18,188100,-1
2024-10-17,1729148400,2.18,2.18,2.108,2.13,2.13,39700,-1
2024-10-18,1729234800,2.15,2.237,1.33,1.41,1.41,1442500,0
