timestamp,open,high,low,close,adj_close,volume
1600412400,105.0,109.9,97.0,99.9,99.9,55350
1600671600,100.0,100.0,93.1,97.5,97.5,16390
1600758000,96.0,98.6,95.5,95.5,95.5,3210
1600844400,97.1,98.5,93.0,93.0,93.0,3540
1600930800,92.6,94.5,90.0,94.0,94.0,4980
1601017200,91.2,92.9,87.6,91.6,91.6,3750
1601276400,92.0,94.7,89.0,93.39,93.39,1940
1601362800,93.62,94.8,92.5,94.6,94.6,1270
1601449200,96.7,98.59,92.5,95.1,95.1,1560
1601535600,96.5,96.5,95.0,95.4,95.4,430
1601622000,93.1,95.0,92.65,93.7,93.7,990
1601881200,94.8,94.8,92.5,93.1,93.1,770
1601967600,93.9,95.62,93.35,95.1,95.1,720
1602054000,94.55,96.55,93.2,93.2,93.2,660
1602140400,95.46,96.5,93.2,93.2,93.2,280
1602226800,96.5,98.9,93.7,96.0,96.0,2420
1602486000,95.0,98.23,93.4,93.8,93.8,560
1602572400,93.1,102.5,93.1,99.0,99.0,6500
1602658800,102.9,120.0,99.7,105.5,105.5,14100
1602745200,104.96,109.0,97.5,102.9,102.9,11080
1602831600,101.0,105.0,97.2,97.5,97.5,5790
1603090800,97.5,105.0,93.4,95.7,95.7,6880
1603177200,94.9,97.53,94.8,95.3,95.3,1490
1603263600,96.6,96.6,90.0,91.1,91.1,3820
1603350000,91.1,94.0,90.0,91.75,91.75,1930
1603436400,91.0,92.5,90.0,90.1,90.1,910
1603695600,90.0,91.0,78.38,79.8,79.8,10740
1603782000,80.5,85.3,80.0,80.3,80.3,3630
1603868400,78.0,83.84,77.0,79.33,79.33,4180
1603954800,80.1,83.8,79.5,83.0,83.0,1950
1604041200,83.15,84.0,79.1,79.7,79.7,4170
1604304000,81.8,81.8,79.25,79.25,79.25,810
1604390400,79.3,85.0,79.0,81.25,81.25,3100
1604476800,82.3,83.6,80.2,82.05,82.05,890
1604563200,84.0,84.0,80.2,81.4,81.4,980
1604649600,85.0,85.0,81.5,82.4,82.4,360
1604908800,85.0,85.0,80.0,82.9,82.9,1570
1604995200,80.0,81.5,80.0,80.75,80.75,600
1605081600,79.55,81.03,79.2,81.0,81.0,170
1605168000,81.0,81.0,79.7,79.7,79.7,210
1605254400,82.25,82.39,79.1,80.4,80.4,920
1605513600,81.25,81.77,75.5,78.6,78.6,1110
1605600000,76.2,80.0,75.1,80.0,80.0,2120
1605686400,78.9,78.9,77.7,78.46,78.46,280
1605772800,78.8,80.0,77.6,78.8,78.8,650
1605859200,78.9,80.0,75.0,79.0,79.0,2150
1606118400,77.5,82.9,77.5,80.6,80.6,2130
1606204800,77.5,87.0,77.5,84.3,84.3,5030
1606291200,84.5,85.8,82.8,84.4,84.4,3320
1606464000,83.1,91.4,82.0,88.4,88.4,3120
1606723200,89.4,98.88,88.1,96.5,96.5,6600
1606809600,98.33,102.0,93.0,94.2,94.2,2450
1606896000,92.9,99.4,91.3,91.3,91.3,590
1606982400,89.92,92.07,85.04,88.8,88.8,1730
1607068800,85.0,89.85,85.0,88.3,88.3,650
1607328000,95.65,96.61,83.8,85.5,85.5,890
1607414400,88.0,88.0,85.1,86.0,86.0,900
1607500800,89.8,89.8,80.5,85.5,85.5,2780
1607587200,90.8,99.2,84.8,97.6,97.6,12800
1607673600,96.3,104.6,96.3,103.0,103.0,10770
1607932800,105.0,122.8,105.0,120.0,120.0,33120
1608019200,123.9,132.8,123.0,131.9,131.9,30880
1608105600,127.6,130.0,117.4,130.0,130.0,8090
1608192000,127.3,140.69,123.86,139.4,139.4,14250
1608278400,136.0,150.0,131.4,139.1,139.1,11590
1608537600,137.5,145.0,134.0,143.6,143.6,5440
1608624000,147.7,152.5,139.28,151.4,151.4,3530
1608710400,150.6,177.96,150.6,156.0,156.0,6020
1608796800,154.5,160.5,150.6,155.0,155.0,2460
1609142400,160.0,163.0,151.5,158.0,158.0,3310
1609228800,156.31,159.9,150.5,152.0,152.0,5160
1609315200,157.39,159.5,152.1,158.1,158.1,4380
1609401600,160.9,176.0,158.15,173.2,173.2,8520
1609747200,172.4,177.2,152.5,175.9,175.9,10260
1609833600,175.0,213.14,175.0,208.4,208.4,16120
1609920000,220.0,249.9,200.0,226.4,226.4,15920
1610006400,232.7,252.9,214.1,250.1,250.1,8130
1610092800,253.2,254.88,237.2,244.4,244.4,3860
1610352000,246.7,254.8,235.6,247.4,247.4,3720
1610438400,249.0,310.0,249.0,280.7,280.7,10130
1610524800,282.5,304.9,276.13,279.1,279.1,4770
1610611200,279.0,299.4,279.0,299.4,299.4,4530
1610697600,321.0,399.5,316.2,379.2,379.2,28020
1611043200,403.2,422.5,339.8,420.9,420.9,22470
1611129600,428.8,437.5,345.0,378.6,378.6,22040
1611216000,380.1,410.0,340.1,353.0,353.0,9310
1611302400,346.8,395.1,321.8,348.7,348.7,12540
1611561600,351.2,372.7,311.8,326.2,326.2,12610
1611648000,324.5,390.0,321.37,375.1,375.1,9100
1611734400,367.0,372.52,286.7,298.8,298.8,10190
1611820800,329.8,350.0,311.8,330.0,330.0,6640
1611907200,328.7,350.31,326.0,335.1,335.1,5680
1612166400,335.6,378.7,335.6,367.4,367.4,6130
1612252800,390.3,400.0,379.0,386.9,386.9,10300
1612339200,390.0,450.0,387.6,448.1,448.1,15230
1612425600,460.0,460.0,401.3,442.0,442.0,9030
1612512000,442.0,460.98,391.77,408.3,408.3,8500
1612771200,404.8,427.2,400.0,408.8,408.8,4170
1612857600,416.0,427.06,380.99,412.7,412.7,5490
1612944000,408.7,423.62,385.0,405.9,405.9,5390
1613030400,405.4,405.9,366.0,375.1,375.1,4520
1613116800,379.4,393.69,361.0,375.0,375.0,3910
1613462400,375.1,384.9,336.0,358.0,358.0,7370
1613548800,352.5,357.7,331.2,351.2,351.2,5600
1613635200,343.6,345.65,315.0,330.9,330.9,6710
1613721600,333.8,417.3,333.0,415.0,415.0,10170
1613980800,410.0,410.0,332.5,336.0,336.0,21130
1614067200,345.0,355.0,294.45,335.1,335.1,15440
1614153600,335.4,335.4,305.6,307.6,307.6,5100
1614240000,314.9,316.91,270.7,289.5,289.5,12100
1614326400,295.0,326.9,290.5,321.0,321.0,7840
1614585600,310.0,322.8,220.4,244.9,244.9,43430
1614672000,262.1,278.1,241.2,260.6,260.6,16580
1614758400,246.6,259.4,231.3,234.2,234.2,8170
1614844800,232.4,233.2,140.2,143.5,143.5,42370
1614931200,150.5,154.96,122.25,147.8,147.8,19890
1615190400,150.0,201.0,150.0,163.6,163.6,33800
1615276800,183.7,223.7,170.06,215.0,215.0,23740
1615363200,212.6,215.5,185.3,197.7,197.7,11710
1615449600,202.3,214.1,197.0,213.7,213.7,5420
1615536000,209.3,209.5,197.2,204.0,204.0,4190
1615791600,203.6,213.0,200.1,201.0,201.0,2560
1615878000,204.3,209.4,191.1,199.8,199.8,3910
1615964400,194.3,217.7,180.2,215.1,215.1,3140
1616050800,215.1,216.8,197.01,201.0,201.0,1980
1616137200,201.1,219.4,196.5,217.0,217.0,4300
1616396400,218.5,226.2,215.08,217.9,217.9,1880
1616482800,215.9,226.15,201.3,202.5,202.5,3980
1616569200,202.8,211.7,188.5,190.4,190.4,5210
1616655600,185.0,185.7,159.0,175.5,175.5,18880
1616742000,175.5,199.1,171.0,185.5,185.5,3130
1617001200,184.4,184.4,162.2,172.2,172.2,4510
1617087600,168.3,198.0,168.3,171.3,171.3,6380
1617174000,175.4,195.5,174.98,193.4,193.4,2540
1617260400,191.6,197.0,180.1,186.9,186.9,2300
1617606000,188.2,193.75,175.2,188.5,188.5,8290
1617692400,187.2,188.02,169.0,174.5,174.5,6810
1617778800,170.0,177.3,161.66,162.7,162.7,3620
1617865200,166.7,179.5,160.6,168.2,168.2,2710
1617951600,167.4,174.05,159.1,165.0,165.0,3250
1618210800,164.8,171.9,154.03,157.8,157.8,4360
1618297200,156.7,160.0,136.88,139.0,139.0,10050
1618383600,139.4,153.4,139.15,142.0,142.0,12520
1618470000,143.0,152.0,133.5,134.3,134.3,4460
1618556400,133.8,140.0,126.99,131.9,131.9,12060
1618815600,130.5,133.8,114.1,121.0,121.0,9700
1618902000,119.1,125.0,104.7,105.7,105.7,12240
1618988400,100.5,144.9,98.6,133.4,133.4,27010
1619074800,135.4,136.6,121.1,133.5,133.5,8340
1619161200,133.4,183.48,133.4,177.7,177.7,27770
1619420400,187.5,216.1,181.0,216.1,216.1,24380
1619506800,220.0,238.6,205.0,215.0,215.0,33820
1619593200,182.9,194.79,161.6,188.8,188.8,26170
1619679600,188.2,197.9,158.3,162.1,162.1,17500
1619766000,160.0,184.55,159.2,175.1,175.1,12230
1620025200,176.7,183.2,169.6,172.8,172.8,9950
1620111600,168.6,171.55,151.8,154.3,154.3,9600
1620198000,157.7,160.0,138.3,141.3,141.3,9210
1620284400,133.52,142.4,130.1,132.0,132.0,6620
1620370800,134.8,157.3,134.8,153.5,153.5,9460
1620630000,163.2,172.7,139.9,150.0,150.0,13810
1620716400,140.1,153.6,130.0,148.5,148.5,10170
1620802800,147.5,150.0,136.0,137.0,137.0,6530
1620889200,138.0,143.4,116.2,121.5,121.5,10350
1620975600,121.7,135.0,120.2,131.5,131.5,7460
1621234800,127.4,139.0,127.4,137.7,137.7,3850
1621321200,139.2,143.1,134.5,138.4,138.4,3050
1621407600,134.4,143.0,133.5,136.6,136.6,5060
1621494000,138.8,146.55,136.5,139.9,139.9,5300
1621580400,142.6,149.8,141.3,149.4,149.4,4810
1621839600,149.9,149.9,138.5,138.5,138.5,2240
1621926000,148.2,148.2,131.54,133.1,133.1,4340
1622012400,133.0,149.35,133.0,143.9,143.9,3290
1622098800,145.3,149.0,139.91,145.7,145.7,3360
1622185200,147.2,149.9,135.7,137.5,137.5,2690
1622530800,139.5,143.1,133.8,139.4,139.4,2300
1622617200,143.0,149.39,135.6,143.1,143.1,2480
1622703600,140.7,144.9,139.15,143.4,143.4,3190
1622790000,145.7,152.9,141.5,150.0,150.0,4460
1623049200,151.1,164.19,146.7,162.0,162.0,6160
1623135600,163.5,167.0,153.8,155.1,155.1,6560
1623222000,156.3,164.1,144.9,149.1,149.1,2810
1623308400,148.4,158.3,139.23,148.7,148.7,900
1623394800,150.0,182.7,150.0,180.9,180.9,14150
1623654000,191.0,191.0,171.85,180.0,180.0,8180
1623740400,180.0,180.6,161.73,165.0,165.0,9780
1623826800,165.6,175.89,165.6,170.9,170.9,4160
1623913200,167.1,173.39,166.0,172.4,172.4,3800
1623999600,172.4,174.1,160.4,165.2,165.2,5430
1624258800,166.5,176.24,160.1,169.9,169.9,3610
1624345200,170.0,170.0,164.1,169.4,169.4,3110
1624431600,170.5,174.0,166.0,169.0,169.0,1720
1624518000,170.0,170.0,160.1,169.8,169.8,2190
1624604400,172.5,174.8,167.5,173.4,173.4,3830
1624863600,177.6,179.01,167.5,170.0,170.0,3630
1624950000,174.6,177.1,165.0,168.1,168.1,1830
1625036400,168.7,172.0,165.0,169.5,169.5,1720
1625122800,169.4,169.4,163.1,164.5,164.5,900
1625209200,167.25,169.9,165.4,166.1,166.1,720
1625554800,166.7,170.0,164.3,169.3,169.3,1180
1625641200,170.0,170.0,156.1,158.9,158.9,1660
1625727600,152.0,159.28,147.7,149.9,149.9,1570
1625814000,153.3,154.0,146.5,151.7,151.7,1400
1626073200,154.1,156.4,147.3,154.7,154.7,980
1626159600,154.2,160.1,146.8,158.4,158.4,4110
1626246000,160.1,160.1,149.0,152.2,152.2,820
1626332400,152.0,154.8,142.6,144.8,144.8,850
1626418800,149.7,151.89,142.7,145.5,145.5,960
1626678000,145.0,153.7,138.8,150.0,150.0,5490
1626764400,150.5,155.1,142.4,155.1,155.1,3260
1626850800,158.8,160.0,142.9,156.5,156.5,1070
1626937200,150.3,169.8,149.0,155.2,155.2,2650
1627023600,157.3,159.5,150.45,157.0,157.0,2050
1627282800,155.2,159.55,150.1,150.7,150.7,730
1627369200,152.7,157.1,149.0,150.3,150.3,2840
1627455600,150.37,158.9,150.37,155.9,155.9,780
1627542000,159.4,159.4,149.0,150.5,150.5,1350
1627628400,151.85,154.03,139.0,141.4,141.4,2570
1627887600,140.75,148.2,138.0,144.8,144.8,3050
1627974000,141.34,144.74,139.45,141.0,141.0,640
1628060400,138.9,144.3,125.0,131.6,131.6,2240
1628146800,139.58,139.58,129.8,136.75,136.75,1800
1628233200,139.7,142.7,125.8,128.5,128.5,3440
1628492400,83.5,90.0,80.5,90.0,90.0,89330
1628578800,89.0,89.9,82.0,84.8,84.8,20320
1628665200,84.5,87.5,78.5,81.9,81.9,16820
1628751600,80.6,83.3,78.0,81.1,81.1,11430
1628838000,82.1,82.13,80.0,81.3,81.3,4800
1629097200,80.5,81.9,76.5,77.6,77.6,8930
1629183600,77.7,79.9,75.6,78.6,78.6,9090
1629270000,78.0,81.6,76.5,78.9,78.9,5450
1629356400,78.5,81.0,75.5,76.8,76.8,8640
1629442800,76.0,80.8,75.3,77.4,77.4,4740
1629702000,79.6,80.0,77.5,78.9,78.9,3510
1629788400,77.7,79.8,77.0,79.8,79.8,3820
1629874800,79.0,81.9,77.85,80.4,80.4,9550
1629961200,81.0,81.3,76.2,78.2,78.2,7230
1630047600,78.8,81.0,77.7,79.0,79.0,5390
1630306800,78.6,82.0,77.0,81.9,81.9,9500
1630393200,83.3,83.3,79.0,79.8,79.8,6730
1630479600,79.8,82.7,79.0,79.9,79.9,5150
1630566000,80.0,81.4,77.0,77.9,77.9,5680
1630652400,78.5,79.7,76.0,77.7,77.7,4580
1630998000,77.2,80.2,77.2,79.6,79.6,5350
1631084400,79.3,79.3,73.0,73.8,73.8,12640
1631170800,73.9,76.4,71.1,75.7,75.7,12810
1631257200,75.9,75.9,71.5,73.4,73.4,8160
1631516400,73.2,78.0,73.2,76.1,76.1,8480
1631602800,77.1,77.8,72.7,76.6,76.6,5420
1631689200,77.3,77.6,74.2,77.6,77.6,5840
1631775600,78.0,78.9,74.6,77.4,77.4,5230
1631862000,76.6,78.4,75.0,75.2,75.2,10560
1632121200,74.1,76.8,71.4,76.0,76.0,7710
1632207600,75.7,77.8,75.5,76.9,76.9,5990
1632294000,77.0,79.7,73.0,77.3,77.3,9630
1632380400,78.5,78.5,73.6,75.6,75.6,3910
1632466800,73.98,75.0,71.5,71.8,71.8,5110
1632726000,72.9,72.9,68.2,70.7,70.7,8320
1632812400,70.9,70.9,66.5,67.0,67.0,7090
1632898800,67.8,69.9,65.6,67.3,67.3,4530
1632985200,67.6,68.8,64.9,66.9,66.9,4550
1633071600,66.9,71.75,65.1,69.9,69.9,3770
1633330800,67.5,67.7,64.6,64.95,64.95,4450
1633417200,65.3,65.3,60.0,63.0,63.0,14020
1633503600,62.0,62.0,56.1,56.5,56.5,15900
1633590000,57.0,61.9,56.1,58.8,58.8,6880
1633676400,59.8,61.4,56.5,57.4,57.4,5430
1633935600,57.4,58.1,55.0,55.3,55.3,3850
1634022000,55.3,57.9,54.7,56.3,56.3,2790
1634108400,56.3,57.7,55.0,56.6,56.6,4350
1634194800,57.8,62.2,56.61,60.8,60.8,6120
1634281200,61.1,61.8,58.3,59.0,59.0,3500
1634540400,58.96,60.3,56.6,57.8,57.8,3510
1634626800,57.8,61.0,57.1,59.8,59.8,4260
1634713200,59.9,62.5,58.4,59.6,59.6,9270
1634799600,58.5,59.9,56.7,56.9,56.9,3710
1634886000,57.4,57.4,53.4,56.0,56.0,8660
1635145200,56.1,56.1,53.5,54.6,54.6,4360
1635231600,57.7,72.5,56.2,66.4,66.4,177140
1635318000,64.7,67.4,59.6,59.7,59.7,23810
1635404400,60.8,62.5,59.1,62.3,62.3,5550
1635490800,61.9,62.5,57.8,61.2,61.2,7720
1635750000,62.1,67.6,60.12,66.0,66.0,7840
1635836400,66.0,68.5,62.7,64.1,64.1,8310
1635922800,63.1,72.0,62.6,68.8,68.8,56600
1636009200,70.0,76.0,65.9,67.5,67.5,24630
1636095600,68.0,69.5,65.1,65.8,65.8,5950
1636358400,67.4,67.4,65.3,67.3,67.3,2390
1636444800,67.5,69.3,63.2,64.9,64.9,6330
1636531200,63.3,65.3,60.7,64.5,64.5,5500
1636617600,64.1,64.4,60.6,63.2,63.2,4040
1636704000,63.9,63.9,60.8,62.2,62.2,6770
1636963200,63.0,63.0,57.9,58.9,58.9,7260
1637049600,58.6,62.55,57.1,61.6,61.6,9130
1637136000,62.2,62.2,58.9,61.0,61.0,3570
1637222400,61.5,61.5,56.9,59.8,59.8,6980
1637308800,59.0,59.8,58.1,59.1,59.1,3800
1637568000,59.1,59.9,55.8,59.6,59.6,6230
1637654400,59.89,59.89,56.05,57.0,57.0,2540
1637740800,57.5,60.5,56.5,60.5,60.5,2790
1637913600,61.4,61.4,58.15,61.4,61.4,4070
1638172800,64.9,67.0,60.6,66.0,66.0,11920
1638259200,65.8,66.83,59.4,64.4,64.4,10190
1638345600,65.0,66.27,58.6,59.1,59.1,4760
1638432000,61.3,61.3,55.6,57.8,57.8,5240
1638518400,57.9,58.79,51.42,53.4,53.4,11470
1638777600,53.3,54.4,51.1,52.2,52.2,3710
1638864000,52.0,57.2,51.1,51.3,51.3,6420
1638950400,52.0,55.95,51.1,55.3,55.3,1190
1639036800,54.0,54.39,52.6,53.0,53.0,1690
1639123200,53.3,53.5,51.55,52.8,52.8,2020
1639382400,53.3,59.0,52.5,55.1,55.1,6110
1639468800,54.4,54.4,49.0,49.7,49.7,4310
1639555200,49.7,53.0,49.5,50.7,50.7,3230
1639641600,51.0,51.55,48.1,48.8,48.8,7180
1639728000,48.5,50.05,45.8,49.2,49.2,4670
1639987200,49.2,49.3,47.0,47.4,47.4,2510
1640073600,50.2,56.2,46.8,56.0,56.0,11480
1640160000,55.0,55.5,51.3,52.0,52.0,1700
1640246400,53.0,53.0,49.51,50.1,50.1,2090
1640592000,50.5,50.5,45.8,47.1,47.1,5420
1640678400,45.8,48.53,44.0,45.0,45.0,4010
1640764800,45.1,45.9,44.0,44.1,44.1,2550
1640851200,43.9,47.0,43.6,45.9,45.9,4810
1640937600,45.1,47.5,44.0,45.0,45.0,5860
1641196800,46.9,50.5,46.0,50.4,50.4,3640
1641283200,51.4,51.49,48.1,49.0,49.0,1270
1641369600,50.4,56.5,49.45,56.5,56.5,6870
1641456000,56.2,57.3,51.6,52.4,52.4,4130
1641542400,52.7,53.56,47.0,48.8,48.8,6680
1641801600,47.4,47.4,45.0,45.9,45.9,1910
1641888000,46.4,48.6,45.45,48.2,48.2,1380
1641974400,48.8,48.8,43.8,45.9,45.9,5540
1642060800,47.5,47.5,43.5,44.4,44.4,1440
1642147200,44.3,44.7,43.5,44.7,44.7,1360
1642492800,44.7,46.3,43.0,45.6,45.6,1210
1642579200,46.2,47.63,44.4,46.3,46.3,4680
1642665600,45.7,46.88,45.5,45.9,45.9,1240
1642752000,46.5,47.85,39.3,39.9,39.9,16620
1643011200,39.5,40.59,36.6,37.95,37.95,4190
1643097600,38.1,38.5,33.3,36.6,36.6,8940
1643184000,39.5,40.0,34.1,34.7,34.7,4000
1643270400,34.6,35.7,29.4,31.2,31.2,13310
1643356800,30.9,32.0,28.0,28.8,28.8,4930
1643616000,31.84,35.8,30.55,31.7,31.7,7850
1643702400,32.2,33.8,29.9,32.0,32.0,6960
1643788800,32.0,32.93,28.6,31.1,31.1,8570
1643875200,31.1,31.1,28.7,29.45,29.45,4320
1643961600,30.05,30.05,26.0,27.5,27.5,16320
1644220800,27.0,31.5,25.2,27.4,27.4,15560
1644307200,26.9,28.3,25.2,28.0,28.0,4770
1644393600,30.7,33.45,28.0,33.0,33.0,6310
1644480000,32.5,35.36,32.5,32.8,32.8,3350
1644566400,34.1,34.1,30.9,31.3,31.3,2810
1644825600,32.8,36.1,31.0,32.1,32.1,16540
1644912000,31.9,33.0,30.0,31.75,31.75,4510
1644998400,32.1,34.4,31.1,34.4,34.4,1170
1645084800,34.97,37.7,31.1,32.9,32.9,5140
1645171200,32.3,32.5,30.6,31.6,31.6,1910
1645516800,32.1,34.1,32.0,33.3,33.3,1470
1645603200,34.0,35.59,32.0,32.1,32.1,3090
1645689600,31.2,32.5,29.8,31.3,31.3,4020
1645776000,31.9,35.1,31.8,32.8,32.8,750
1646035200,31.9,33.5,31.1,31.1,31.1,670
1646121600,31.3,34.5,31.3,32.4,32.4,1000
1646208000,33.0,34.5,33.0,33.4,33.4,760
1646294400,30.56,33.7,30.56,33.7,33.7,520
1646380800,31.87,32.4,30.24,31.1,31.1,950
1646640000,30.9,32.8,28.5,29.0,29.0,1790
1646726400,31.9,36.8,28.9,30.0,30.0,2660
1646812800,31.24,31.99,30.0,30.5,30.5,2160
1646899200,30.4,31.8,29.8,31.2,31.2,340
1646985600,32.65,33.8,30.5,32.2,32.2,16860
1647241200,32.9,32.9,26.9,27.7,27.7,5610
1647327600,30.0,30.63,28.1,28.1,28.1,2000
1647414000,28.7,32.08,28.5,30.3,30.3,1830
1647500400,32.8,34.2,32.36,33.2,33.2,3280
1647586800,34.5,39.9,34.2,39.9,39.9,10140
1647846000,40.0,41.6,38.9,40.2,40.2,2380
1647932400,41.0,41.11,39.1,40.5,40.5,1900
1648018800,40.3,40.3,36.1,38.65,38.65,2020
1648105200,38.76,40.5,36.87,39.5,39.5,3620
1648191600,42.0,42.0,38.2,40.6,40.6,1420
1648450800,42.0,42.8,41.0,42.0,42.0,3450
1648537200,43.55,50.3,42.1,48.5,48.5,31230
1648623600,50.0,52.0,47.5,48.6,48.6,18420
1648710000,49.0,49.5,46.81,47.2,47.2,9890
1648796400,47.8,51.0,46.8,49.5,49.5,9910
1649055600,48.9,50.59,48.1,48.6,48.6,10390
1649142000,50.0,51.0,47.8,50.4,50.4,3330
1649228400,50.1,50.73,47.3,49.7,49.7,3190
1649314800,49.5,49.5,48.0,48.2,48.2,690
1649401200,48.2,50.2,48.0,48.9,48.9,770
1649660400,48.9,49.9,46.6,47.9,47.9,2410
1649746800,47.8,47.8,43.26,43.3,43.3,4940
1649833200,43.5,47.9,42.5,44.1,44.1,4250
1649919600,45.9,48.1,43.7,44.2,44.2,2700
1650265200,46.2,48.1,42.7,44.0,44.0,1910
1650351600,47.1,47.1,42.67,43.1,43.1,3730
1650438000,43.5,44.0,42.5,43.3,43.3,1240
1650524400,43.1,43.5,38.3,39.8,39.8,1910
1650610800,40.0,40.83,38.0,39.2,39.2,2060
1650870000,39.2,42.3,38.21,40.2,40.2,2460
1650956400,41.95,41.95,38.0,40.0,40.0,4700
1651042800,39.9,41.5,38.7,40.7,40.7,1640
1651129200,41.5,41.5,38.5,38.5,38.5,2660
1651215600,38.8,39.8,37.0,37.2,37.2,2610
1651474800,36.7,38.5,35.0,36.0,36.0,1050
1651561200,35.6,36.5,35.3,35.6,35.6,680
1651647600,36.3,38.1,35.0,35.5,35.5,4440
1651734000,34.5,34.5,32.2,32.2,32.2,1150
1651820400,32.2,33.3,32.2,33.0,33.0,1370
1652079600,34.0,34.0,30.22,30.5,30.5,1850
1652166000,31.7,31.7,27.0,28.7,28.7,8070
1652252400,27.7,28.45,26.5,26.5,26.5,2450
1652338800,25.5,28.5,25.5,26.3,26.3,1980
1652425200,25.3,27.4,25.3,26.2,26.2,5230
1652684400,26.84,28.7,26.65,28.6,28.6,2770
1652770800,28.7,29.0,27.3,28.8,28.8,2530
1652857200,27.9,30.8,27.9,28.8,28.8,2820
1652943600,30.9,34.35,29.2,29.3,29.3,3540
1653030000,29.5,29.5,28.25,28.6,28.6,1090
1653289200,28.7,28.8,26.1,27.2,27.2,1120
1653375600,26.7,26.9,25.1,25.2,25.2,1310
1653462000,25.0,25.75,25.0,25.4,25.4,1810
1653548400,25.7,26.0,25.0,25.4,25.4,3090
1653634800,25.7,27.0,25.5,26.4,26.4,2040
1653980400,28.0,28.0,25.4,25.6,25.6,900
1654066800,26.0,26.0,22.5,23.5,23.5,3140
1654153200,23.5,23.9,20.3,20.6,20.6,10880
1654239600,20.0,20.1,19.28,19.8,19.8,4260
1654498800,19.8,19.8,17.6,18.1,18.1,4810
1654585200,19.7,19.7,18.2,18.2,18.2,9550
1654671600,18.5,19.04,17.9,18.2,18.2,4140
1654758000,18.3,18.5,17.8,18.1,18.1,1320
1654844400,18.1,18.2,17.0,17.5,17.5,4840
1655103600,17.0,17.5,16.45,17.1,17.1,3100
1655190000,16.9,17.4,16.2,17.0,17.0,2770
1655276400,16.9,17.6,16.6,17.1,17.1,1570
1655362800,16.3,17.3,16.3,17.2,17.2,1260
1655449200,17.3,17.8,16.5,17.1,17.1,2300
1655794800,17.6,17.6,16.5,16.9,16.9,1950
1655881200,16.8,17.0,16.35,16.8,16.8,1220
1655967600,17.7,23.9,16.5,18.6,18.6,71480
1656054000,18.7,19.4,17.5,17.8,17.8,13720
1656313200,18.1,18.1,16.8,17.0,17.0,6160
1656399600,17.0,17.0,15.1,15.4,15.4,6640
1656486000,15.2,15.4,14.0,14.4,14.4,8190
1656572400,14.1,15.0,13.49,14.5,14.5,4480
1656658800,14.45,14.5,13.25,13.8,13.8,4810
1657004400,14.04,16.7,14.0,16.3,16.3,4860
1657090800,16.5,20.0,16.5,19.4,19.4,9890
1657177200,20.0,20.0,16.0,17.1,17.1,20640
1657263600,17.4,19.1,17.32,18.0,18.0,1920
1657522800,19.0,19.05,18.3,18.3,18.3,2100
1657609200,19.3,19.3,17.2,18.7,18.7,4800
1657695600,18.7,18.9,18.1,18.7,18.7,1640
1657782000,18.61,18.61,17.2,18.4,18.4,2340
1657868400,18.4,19.0,17.5,17.9,17.9,3230
1658127600,17.93,19.7,17.93,18.7,18.7,2590
1658214000,19.1,20.0,18.68,19.5,19.5,3140
1658300400,19.3,19.6,18.88,19.2,19.2,2370
1658386800,18.9,21.8,18.7,21.0,21.0,7630
1658473200,22.7,22.7,21.6,22.1,22.1,6930
1658732400,22.5,25.7,22.3,24.6,24.6,7760
1658818800,24.5,24.6,22.8,23.6,23.6,4290
1658905200,23.3,23.4,20.6,21.7,21.7,4230
1658991600,21.23,22.4,21.23,21.9,21.9,2540
1659078000,21.7,22.1,20.8,21.5,21.5,2870
1659337200,21.5,22.1,20.6,20.9,20.9,1210
1659423600,20.8,21.46,20.0,21.3,21.3,2670
1659510000,21.4,22.1,20.4,21.6,21.6,1970
1659596400,22.0,22.2,21.7,22.0,22.0,2270
1659682800,23.3,23.3,21.8,21.8,21.8,1710
1659942000,21.1,22.48,19.5,20.2,20.2,8160
1660028400,19.9,20.25,18.1,19.0,19.0,4290
1660114800,19.6,20.5,19.6,20.5,20.5,1290
1660201200,19.8,21.1,19.6,20.8,20.8,3050
1660287600,20.7,22.45,20.7,22.3,22.3,2260
1660546800,23.0,24.8,22.4,23.8,23.8,4960
1660633200,24.6,28.6,24.15,25.0,25.0,11160
1660719600,26.2,30.8,25.0,30.0,30.0,19290
1660806000,31.8,33.64,29.7,31.0,31.0,7760
1660892400,30.7,30.72,26.7,27.4,27.4,5090
1661151600,27.1,28.8,26.2,27.9,27.9,2200
1661238000,28.1,28.5,25.1,28.5,28.5,2580
1661324400,28.5,30.18,28.1,28.9,28.9,1040
1661410800,28.8,30.3,28.6,29.1,29.1,1730
1661497200,28.27,29.2,26.0,26.79,26.79,3460
1661756400,27.1,33.7,27.1,32.1,32.1,23850
1661842800,33.9,34.1,29.5,32.0,32.0,12280
1661929200,32.0,36.2,32.0,36.1,36.1,9150
1662015600,35.5,36.0,30.2,30.6,30.6,7380
1662102000,31.3,31.3,27.0,28.1,28.1,6530
1662447600,28.3,34.4,28.2,34.4,34.4,23870
1662534000,41.4,42.5,30.1,31.1,31.1,1477750
1662620400,29.9,31.7,28.6,30.3,30.3,83330
1662706800,29.0,30.44,27.4,28.1,28.1,51340
1662966000,28.0,28.5,25.0,25.2,25.2,38660
1663052400,24.0,27.4,22.7,26.4,26.4,31020
1663138800,25.4,26.3,23.7,25.6,25.6,25780
1663225200,25.5,26.6,24.3,25.2,25.2,8780
1663311600,23.7,26.55,23.7,26.0,26.0,14050
1663570800,26.5,26.5,23.5,23.5,23.5,11500
1663657200,23.5,23.8,21.5,21.9,21.9,20770
1663743600,21.6,22.9,20.7,21.9,21.9,11010
1663830000,21.3,22.7,20.0,22.0,22.0,11440
1663916400,21.9,22.3,19.6,21.8,21.8,8680
1664175600,21.5,23.5,21.3,22.6,22.6,5260
1664262000,23.0,25.0,21.1,23.6,23.6,8480
1664348400,24.1,26.3,24.0,25.6,25.6,21330
1664434800,25.0,25.0,22.8,24.1,24.1,6360
1664521200,22.8,25.9,22.8,24.9,24.9,7490
1664780400,23.9,25.2,23.42,24.3,24.3,7040
1664866800,25.45,27.9,25.1,26.3,26.3,23340
1664953200,25.7,26.4,24.7,26.2,26.2,4470
1665039600,25.8,28.0,25.25,27.0,27.0,8720
1665126000,27.33,27.55,26.14,26.8,26.8,5580
1665385200,26.3,27.4,25.2,26.7,26.7,4820
1665471600,26.8,26.8,24.5,25.9,25.9,6370
1665558000,26.6,26.71,24.58,25.6,25.6,2640
1665644400,24.8,26.5,24.0,26.3,26.3,3180
1665730800,26.15,26.7,24.67,26.2,26.2,2490
1665990000,28.0,28.4,26.3,27.3,27.3,16970
1666076400,27.9,28.5,27.5,28.4,28.4,6040
1666162800,29.2,33.0,28.9,31.6,31.6,121900
1666249200,32.1,34.8,31.5,33.9,33.9,55060
1666335600,34.2,34.7,30.8,34.0,34.0,37540
1666594800,34.6,38.5,32.1,37.8,37.8,61990
1666681200,36.8,41.56,36.8,39.75,39.75,58280
1666767600,41.5,43.9,40.0,42.0,42.0,61330
1666854000,42.1,43.0,40.0,41.9,41.9,18930
1666940400,40.0,40.67,36.4,39.3,39.3,45070
1667199600,39.3,42.9,38.13,42.3,42.3,21320
1667286000,43.0,43.0,40.0,40.6,40.6,12840
1667372400,40.1,42.57,39.1,39.9,39.9,23470
1667458800,39.5,43.6,38.4,42.7,42.7,27430
1667545200,43.2,43.2,40.1,41.8,41.8,16390
1667808000,41.8,44.2,39.3,41.9,41.9,38040
1667894400,42.0,46.5,42.0,45.1,45.1,34000
1667980800,45.6,49.6,40.51,45.3,45.3,56110
1668067200,45.75,48.9,45.2,46.9,46.9,15290
1668153600,44.4,51.4,42.2,50.7,50.7,34690
1668412800,52.6,54.4,48.7,51.0,51.0,23300
1668499200,52.9,52.9,44.3,49.7,49.7,33950
1668585600,50.0,50.55,45.2,49.3,49.3,16070
1668672000,49.2,52.5,46.3,51.3,51.3,18160
1668758400,51.6,59.0,49.0,56.7,56.7,34020
1669017600,58.3,61.95,55.0,59.2,59.2,23790
1669104000,60.0,62.5,58.4,59.7,59.7,25210
1669190400,59.7,61.4,56.5,61.2,61.2,14870
1669363200,61.4,68.52,59.66,66.1,66.1,29460
1669622400,66.5,71.7,62.1,62.3,62.3,30430
1669708800,65.4,65.4,55.8,59.2,59.2,36000
1669795200,59.6,67.45,59.6,67.4,67.4,26830
1669881600,67.5,82.55,65.66,80.5,80.5,55370
1669968000,79.4,79.4,41.1,54.9,54.9,216430
1670227200,55.0,58.0,48.4,52.1,52.1,68880
1670313600,49.2,51.8,41.85,46.5,46.5,170300
1670400000,46.5,64.1,45.0,58.9,58.9,1177780
1670486400,61.5,96.8,59.0,91.0,91.0,733710
1670572800,89.7,89.7,66.6,79.0,79.0,257750
1670832000,89.7,102.4,85.4,95.1,95.1,495660
1670918400,102.0,102.0,86.1,94.7,94.7,110080
1671004800,96.5,137.5,90.5,122.9,122.9,501080
1671091200,119.0,132.6,100.5,127.4,127.4,261580
1671177600,125.0,143.8,124.45,133.8,133.8,253220
1671436800,132.7,133.3,99.1,100.1,100.1,171240
1671523200,95.2,97.95,60.5,60.7,60.7,494210
1671609600,63.5,65.9,56.5,59.4,59.4,177140
1671696000,58.4,71.8,57.9,70.5,70.5,150670
1671782400,71.25,74.9,63.1,64.1,64.1,104730
1672128000,64.1,67.5,54.7,59.2,59.2,103890
1672214400,58.0,65.8,55.5,62.5,62.5,79700
1672300800,62.5,69.7,61.2,67.7,67.7,62290
1672387200,67.1,78.1,62.9,77.7,77.7,81040
1672732800,79.1,79.3,61.4,61.7,61.7,100790
1672819200,60.8,63.8,57.5,59.2,59.2,60990
1672905600,58.4,62.2,57.5,60.8,60.8,40900
1672992000,60.9,61.4,58.2,60.2,60.2,36080
1673251200,60.1,61.13,57.7,58.8,58.8,28840
1673337600,58.7,59.8,50.5,51.2,51.2,76010
1673424000,52.4,54.0,51.5,52.4,52.4,28880
1673510400,52.4,52.4,47.9,51.1,51.1,43300
1673596800,51.0,59.3,50.3,55.0,55.0,51840
1673942400,54.2,58.1,50.4,51.2,51.2,35100
1674028800,52.0,52.5,49.2,50.0,50.0,20540
1674115200,50.0,50.94,47.4,48.9,48.9,26500
1674201600,49.2,51.7,48.3,49.5,49.5,22140
1674460800,49.0,51.45,48.5,50.0,50.0,26430
1674547200,49.6,53.9,48.5,53.2,53.2,32830
1674633600,52.5,52.8,49.7,50.2,50.2,17860
1674720000,50.5,52.8,49.5,50.3,50.3,18570
1674806400,50.0,51.7,48.8,50.5,50.5,21370
1675065600,50.0,51.32,49.3,49.6,49.6,15740
1675152000,49.6,50.8,49.0,50.7,50.7,12450
1675238400,50.7,55.4,49.71,53.7,53.7,22800
1675324800,54.7,58.4,54.1,56.9,56.9,22200
1675411200,56.7,57.7,53.62,54.1,54.1,12440
1675670400,54.0,54.0,51.0,51.4,51.4,11180
1675756800,50.7,51.9,49.5,49.7,49.7,20020
1675843200,49.5,51.7,49.0,49.8,49.8,22050
1675929600,49.9,51.9,49.6,50.5,50.5,11320
1676016000,49.8,50.34,48.5,49.3,49.3,14740
1676275200,48.9,51.34,47.8,50.6,50.6,21870
1676361600,51.5,56.1,50.5,53.2,53.2,86880
1676448000,52.3,55.9,50.5,55.7,55.7,15940
1676534400,55.4,57.4,54.0,55.1,55.1,16660
1676620800,54.0,57.9,53.1,57.8,57.8,10340
1676966400,57.7,59.5,55.6,56.4,56.4,21180
1677052800,56.7,58.0,55.0,56.6,56.6,15360
1677139200,56.5,74.4,55.5,69.6,69.6,115410
1677225600,65.7,67.0,58.8,63.0,63.0,44860
1677484800,63.1,71.6,62.5,71.0,71.0,50450
1677571200,72.3,78.8,68.6,76.9,76.9,63680
1677657600,76.9,83.4,59.2,65.6,65.6,169210
1677744000,64.3,67.4,57.4,62.7,62.7,55580
1677830400,63.2,70.52,63.2,68.7,68.7,60530
1678089600,68.5,89.4,64.23,87.6,87.6,121980
1678176000,86.5,87.0,77.1,81.8,81.8,73370
1678262400,81.9,91.1,81.9,89.1,89.1,65960
1678348800,88.0,93.97,82.7,84.9,84.9,55970
1678435200,83.8,85.1,79.5,81.5,81.5,31440
1678690800,79.5,86.58,79.0,82.6,82.6,34910
1678777200,85.4,92.0,82.95,92.0,92.0,53530
1678863600,89.9,99.6,86.1,98.3,98.3,64170
1678950000,99.2,113.9,95.1,105.3,105.3,87230
1679036400,101.8,106.8,98.9,98.9,98.9,54190
1679295600,100.0,100.53,88.8,92.4,92.4,61810
1679382000,94.2,102.8,94.1,102.0,102.0,57580
1679468400,102.2,102.2,90.0,90.4,90.4,40920
1679554800,94.1,97.0,81.5,81.95,81.95,109850
1679641200,80.0,82.5,75.4,81.6,81.6,42860
1679900400,81.8,86.78,80.6,84.7,84.7,29020
1679986800,85.5,89.7,83.65,86.3,86.3,23300
1680073200,87.0,89.4,80.5,81.3,81.3,28090
1680159600,80.6,84.9,80.4,82.9,82.9,19590
1680246000,82.5,86.0,78.4,80.8,80.8,51790
1680505200,79.0,80.6,71.8,73.0,73.0,43040
1680591600,72.4,76.5,71.3,73.6,73.6,19260
1680678000,74.0,76.05,69.0,69.5,69.5,25550
1680764400,69.4,76.7,68.61,74.5,74.5,17030
1681110000,73.6,75.57,70.9,72.1,72.1,17690
1681196400,71.9,80.15,71.45,78.0,78.0,20540
1681282800,78.0,81.6,74.2,75.5,75.5,29700
1681369200,75.3,79.6,75.3,78.6,78.6,8400
1681455600,78.0,81.54,74.1,79.5,79.5,12310
1681714800,79.1,86.3,77.3,77.8,77.8,22580
1681801200,78.0,84.1,78.0,81.7,81.7,13220
1681887600,81.5,85.0,80.7,81.9,81.9,18150
1681974000,81.3,82.3,78.2,79.1,79.1,11880
1682060400,79.6,82.1,77.1,78.4,78.4,15420
1682319600,78.3,79.0,75.3,77.6,77.6,15730
1682406000,77.6,77.6,70.1,70.8,70.8,17740
1682492400,70.8,73.69,67.8,70.1,70.1,23330
1682578800,70.6,77.1,70.1,75.1,75.1,10500
1682665200,75.5,81.0,74.1,79.9,79.9,15560
1682924400,78.1,81.08,75.5,78.1,78.1,9940
1683010800,77.6,78.4,73.0,73.6,73.6,8700
1683097200,73.9,76.5,71.8,72.6,72.6,5460
1683183600,73.5,75.5,72.2,73.6,73.6,9480
1683270000,74.0,82.4,74.0,81.6,81.6,22380
1683529200,80.1,83.7,78.1,82.9,82.9,14290
1683615600,82.2,85.0,80.3,82.9,82.9,14650
1683702000,84.4,86.9,80.3,80.55,80.55,9400
1683788400,79.5,81.3,76.64,77.9,77.9,7590
1683874800,77.7,79.7,73.7,73.9,73.9,12170
1684134000,75.0,77.2,74.3,74.6,74.6,11230
1684220400,74.5,74.5,69.1,69.9,69.9,18920
1684306800,72.1,72.73,69.3,71.8,71.8,17870
1684393200,71.8,72.4,70.19,70.7,70.7,9280
1684479600,71.2,75.7,69.5,70.1,70.1,11220
1684738800,70.2,71.43,63.0,67.3,67.3,46640
1684825200,67.3,76.33,66.97,68.4,68.4,43950
1684911600,68.1,68.1,65.0,66.0,66.0,16160
1684998000,66.9,67.4,61.0,63.8,63.8,27170
1685084400,63.3,66.9,62.0,62.7,62.7,14620
1685430000,62.6,64.9,54.2,55.2,55.2,70280
1685516400,54.7,59.65,54.5,58.4,58.4,25540
1685602800,59.4,62.0,57.55,60.2,60.2,13360
1685689200,60.5,62.1,58.2,60.6,60.6,8310
1685948400,60.9,60.9,55.4,55.9,55.9,16980
1686034800,56.0,59.7,55.58,58.5,58.5,10430
1686121200,58.2,60.1,56.7,57.8,57.8,9010
1686207600,57.1,58.8,56.3,56.7,56.7,6860
1686294000,57.2,58.9,54.6,57.9,57.9,22480
1686553200,58.1,64.5,57.9,59.1,59.1,34540
1686639600,59.0,63.4,59.0,61.3,61.3,24480
1686726000,61.5,62.7,58.4,59.6,59.6,11700
1686812400,59.6,61.0,56.8,57.8,57.8,13970
1686898800,57.5,59.0,54.5,55.4,55.4,22050
1687244400,54.1,56.2,53.15,55.1,55.1,14430
1687330800,55.2,61.2,54.45,59.0,59.0,43530
1687417200,59.8,63.1,56.4,58.4,58.4,30760
1687503600,58.4,62.9,56.1,58.3,58.3,100230
1687762800,55.8,58.0,43.3,47.9,47.9,109970
1687849200,47.5,48.4,44.0,45.7,45.7,31810
1687935600,45.0,45.58,42.1,45.2,45.2,31990
1688022000,45.3,45.3,38.1,40.95,40.95,56370
1688108400,42.0,44.2,40.6,43.1,43.1,44000
1688367600,42.8,43.8,41.4,42.2,42.2,10980
1688540400,42.0,44.79,41.15,43.3,43.3,28240
1688626800,42.3,45.9,41.12,44.3,44.3,16970
1688713200,45.1,45.4,43.3,44.4,44.4,10760
1688972400,44.5,47.6,42.7,46.8,46.8,25020
1689058800,46.8,51.9,46.7,51.7,51.7,21030
1689145200,53.9,55.6,48.2,48.9,48.9,24070
1689231600,48.7,50.29,47.9,49.7,49.7,15190
1689318000,49.7,51.0,48.7,50.5,50.5,10040
1689577200,50.2,51.86,49.0,50.6,50.6,27680
1689663600,52.5,56.5,49.8,51.5,51.5,64500
1689750000,51.5,53.6,50.4,51.5,51.5,21970
1689836400,51.5,52.12,49.0,50.5,50.5,19530
1689922800,50.5,51.6,49.0,50.45,50.45,12000
1690182000,50.4,51.0,49.12,49.8,49.8,17070
1690268400,49.6,50.0,48.0,48.3,48.3,26000
1690354800,48.2,48.6,46.75,46.9,46.9,21840
1690441200,47.1,47.5,45.3,46.1,46.1,15720
1690527600,46.2,48.0,45.02,47.6,47.6,19450
1690786800,47.5,49.0,46.4,47.2,47.2,19540
1690873200,46.2,47.4,44.3,45.3,45.3,14920
1690959600,45.2,45.2,43.25,43.9,43.9,7540
1691046000,44.0,44.4,41.6,41.8,41.8,21090
1691132400,41.8,42.5,41.0,41.6,41.6,15340
1691391600,41.8,41.9,38.9,39.2,39.2,25710
1691478000,38.9,39.35,37.61,38.9,38.9,14630
1691564400,39.6,39.6,36.8,37.1,37.1,15540
1691650800,37.4,39.2,36.2,36.6,36.6,18910
1691737200,36.3,37.6,35.3,36.5,36.5,24100
1691996400,37.0,40.0,35.6,38.9,38.9,28100
1692082800,38.9,39.8,38.2,39.6,39.6,11230
1692169200,39.1,39.74,37.15,37.8,37.8,6990
1692255600,37.6,38.2,34.5,35.7,35.7,28620
1692342000,35.3,38.5,35.08,36.4,36.4,15120
1692601200,36.6,37.0,34.3,35.3,35.3,14930
1692687600,35.0,36.2,34.5,35.6,35.6,9240
1692774000,35.6,37.4,35.4,35.9,35.9,15220
1692860400,36.2,37.6,34.1,34.6,34.6,24530
1692946800,34.5,35.0,33.3,33.7,33.7,18980
1693206000,33.8,34.86,32.2,34.2,34.2,11590
1693292400,34.4,34.86,32.6,33.1,33.1,17260
1693378800,33.2,34.6,32.9,33.3,33.3,7890
1693465200,33.6,34.15,31.0,31.1,31.1,18690
1693551600,31.3,31.68,29.8,30.9,30.9,14110
1693897200,31.2,32.45,29.8,30.6,30.6,12420
1693983600,30.3,33.4,29.6,33.3,33.3,22870
1694070000,33.3,35.28,31.56,32.7,32.7,28170
1694156400,32.7,34.4,30.8,34.4,34.4,27250
1694415600,35.8,41.1,35.2,36.1,36.1,65600
1694502000,35.2,37.2,33.2,34.9,34.9,28440
1694588400,35.9,35.9,34.0,34.2,34.2,18370
1694674800,35.9,35.9,33.5,34.6,34.6,13710
1694761200,34.5,34.6,32.7,33.0,33.0,21030
1695020400,32.9,33.1,30.9,32.0,32.0,24630
1695106800,32.1,32.1,29.0,29.1,29.1,33300
1695193200,29.1,30.7,27.7,27.9,27.9,31410
1695279600,27.9,29.1,27.3,27.5,27.5,18420
1695366000,28.0,28.71,26.8,28.2,28.2,15960
1695625200,27.7,33.1,27.5,32.5,32.5,23100
1695711600,32.7,37.1,32.7,35.3,35.3,64090
1695798000,35.9,35.9,30.6,31.1,31.1,30820
1695884400,31.3,32.0,30.5,31.7,31.7,10420
1695970800,31.8,35.0,30.6,34.1,34.1,17720
1696230000,35.0,36.4,33.0,34.2,34.2,26120
1696316400,33.2,35.0,32.1,34.1,34.1,17980
1696402800,34.3,36.1,33.5,35.9,35.9,11750
1696489200,36.1,37.8,35.4,37.4,37.4,19830
1696575600,37.3,40.5,37.2,39.0,39.0,21110
1696834800,40.2,40.8,36.1,38.6,38.6,14910
1696921200,38.5,39.9,36.25,36.7,36.7,13590
1697007600,36.8,38.22,34.4,34.8,34.8,13250
1697094000,34.8,35.9,33.3,34.7,34.7,10410
1697180400,34.5,35.8,33.5,35.3,35.3,6910
1697439600,36.5,36.5,33.5,34.7,34.7,12340
1697526000,34.2,35.25,33.3,34.8,34.8,9840
1697612400,34.5,34.5,30.8,31.7,31.7,16620
1697698800,31.1,36.0,30.7,33.95,33.95,28140
1697785200,33.8,35.8,32.5,34.2,34.2,16620
1698044400,35.3,36.2,32.2,32.6,32.6,34680
1698130800,35.4,35.4,33.0,33.5,33.5,29100
1698217200,32.0,36.5,28.3,31.5,31.5,347910
1698303600,30.4,32.4,25.7,32.3,32.3,89980
1698390000,31.3,32.5,29.7,31.9,31.9,30340
1698649200,31.3,39.0,31.3,38.7,38.7,81080
1698735600,38.0,50.8,38.0,43.6,43.6,269070
1698822000,44.5,46.0,36.2,46.0,46.0,73290
1698908400,45.5,46.2,41.9,44.8,44.8,50090
1698994800,44.5,44.5,38.8,41.0,41.0,71490
1699257600,40.9,41.2,39.2,40.7,40.7,14710
1699344000,40.8,46.2,40.1,44.5,44.5,34000
1699430400,44.8,45.5,41.7,42.6,42.6,19700
1699516800,40.0,43.06,23.1,30.1,30.1,199010
1699603200,30.3,33.4,27.6,32.8,32.8,41470
1699862400,31.3,31.77,29.0,31.3,31.3,18230
1699948800,31.6,33.0,29.8,31.1,31.1,16760
1700035200,31.0,33.0,30.5,31.5,31.5,15890
1700121600,34.2,41.9,32.8,38.6,38.6,196230
1700208000,39.3,44.4,38.7,40.5,40.5,67430
1700467200,41.9,46.9,41.4,44.2,44.2,61960
1700553600,44.8,46.05,42.6,43.4,43.4,37300
1700640000,44.0,58.2,43.6,48.6,48.6,222860
1700812800,49.9,56.54,49.0,49.85,49.85,89940
1701072000,52.4,56.2,51.3,52.4,52.4,61780
1701158400,52.1,55.2,49.5,49.9,49.9,57620
1701244800,16.2,21.7,15.0,19.6,19.6,913120
1701331200,19.0,19.4,17.2,18.0,18.0,229190
1701417600,17.4,17.9,16.3,16.8,16.8,131460
1701676800,17.0,18.0,16.2,17.4,17.4,124680
1701763200,17.1,18.0,16.6,17.8,17.8,94590
1701849600,17.7,18.6,17.2,17.7,17.7,66260
1701936000,17.6,18.0,17.3,17.4,17.4,29490
1702022400,17.3,17.9,17.0,17.4,17.4,44890
1702281600,17.2,18.1,16.6,16.7,16.7,54790
1702368000,16.7,16.8,15.3,15.4,15.4,68100
1702454400,15.4,15.8,13.9,14.4,14.4,68540
1702540800,14.2,15.4,14.0,14.8,14.8,58380
1702627200,14.9,15.0,14.0,14.5,14.5,90720
1702886400,14.2,14.8,13.9,14.7,14.7,62740
1702972800,14.6,14.7,13.6,13.6,13.6,55860
1703059200,13.5,13.8,12.8,12.9,12.9,45430
1703145600,13.1,13.2,11.38,12.4,12.4,80290
1703232000,12.0,12.8,12.0,12.5,12.5,36850
1703577600,12.9,13.1,12.1,13.0,13.0,36910
1703664000,13.1,13.1,12.3,12.7,12.7,28900
1703750400,12.5,12.7,11.5,12.15,12.15,43670
1703836800,12.4,12.9,12.1,12.6,12.6,49020
1704182400,13.0,15.3,12.8,13.7,13.7,106830
1704268800,13.7,14.6,13.0,13.0,13.0,43410
1704355200,13.3,13.4,12.3,12.5,12.5,43050
1704441600,12.7,12.9,12.2,12.8,12.8,21270
1704700800,13.4,13.5,12.8,13.4,13.4,23770
1704787200,13.4,13.4,12.55,12.8,12.8,18350
1704873600,13.0,13.1,12.4,12.6,12.6,9430
1704960000,12.6,12.6,12.11,12.3,12.3,17200
1705046400,12.4,12.9,12.0,12.5,12.5,21920
1705392000,12.5,12.8,12.2,12.6,12.6,12980
1705478400,12.3,12.8,12.2,12.7,12.7,12270
1705564800,12.5,12.6,12.4,12.4,12.4,9100
1705651200,12.8,12.8,12.3,12.5,12.5,26030
1705910400,12.3,12.6,12.0,12.1,12.1,19720
1705996800,12.4,12.4,9.03,9.3,9.3,134740
1706083200,9.5,10.3,9.0,9.1,9.1,39480
1706169600,9.4,9.56,8.95,9.43,9.43,30370
1706256000,8.9,9.7,8.9,9.19,9.19,15540
1706515200,9.35,10.3,9.2,10.3,10.3,41970
1706601600,10.2,10.9,9.6,10.6,10.6,20170
1706688000,10.4,10.6,10.2,10.4,10.4,17470
1706774400,10.6,10.9,10.3,10.7,10.7,11580
1706860800,10.4,11.0,10.22,10.7,10.7,14440
1707120000,11.0,11.0,9.9,10.3,10.3,42260
1707206400,10.4,11.0,10.1,10.9,10.9,7330
1707292800,11.0,11.0,10.3,10.6,10.6,5680
1707379200,10.8,11.0,10.2,11.0,11.0,10640
1707465600,10.8,11.8,10.6,11.7,11.7,21880
1707724800,11.7,12.0,11.4,11.4,11.4,15150
1707811200,11.4,11.9,10.0,11.0,11.0,17290
1707897600,11.0,11.8,11.0,11.6,11.6,13700
1707984000,11.5,11.9,11.5,11.8,11.8,12160
1708070400,11.9,12.4,11.2,12.3,12.3,17970
1708416000,12.3,12.4,11.2,11.2,11.2,13100
1708502400,11.1,12.2,10.9,11.9,11.9,11200
1708588800,11.9,12.7,11.1,12.5,12.5,16660
1708675200,12.7,12.7,11.8,11.8,11.8,13730
1708934400,12.2,12.4,11.6,12.3,12.3,8600
1709020800,12.1,12.9,11.9,12.7,12.7,11350
1709107200,12.7,13.0,12.5,12.5,12.5,8650
1709193600,12.6,12.8,12.0,12.4,12.4,9250
1709280000,29.9,33.1,17.6,18.9,18.9,9268570
1709539200,11.0,11.5,10.5,10.65,10.65,1423540
1709625600,10.35,10.5,8.9,9.03,9.03,650230
1709712000,9.25,9.25,8.3,8.3,8.3,296620
1709798400,8.2,8.3,7.3,7.45,7.45,446360
1709884800,7.81,7.97,7.1,7.18,7.18,298670
1710140400,7.1,7.14,6.42,6.95,6.95,383980
1710226800,6.79,6.95,6.5,6.63,6.63,154140
1710313200,6.7,7.17,6.6,7.08,7.08,212410
1710399600,6.9,7.07,6.6,6.65,6.65,84250
1710486000,6.7,7.2,6.6,7.05,7.05,69400
1710745200,7.08,7.08,6.41,6.46,6.46,160980
1710831600,6.49,6.55,5.71,6.29,6.29,110940
1710918000,6.24,6.36,6.0,6.16,6.16,50630
1711004400,6.26,6.26,5.51,5.68,5.68,167880
1711090800,5.62,5.85,5.43,5.76,5.76,78090
1711350000,5.79,6.02,5.56,5.66,5.66,129910
1711436400,5.67,5.7,5.31,5.31,5.31,86310
1711522800,5.45,5.45,4.81,5.34,5.34,229340
1711609200,5.34,5.45,5.1,5.29,5.29,77890
1711954800,5.29,5.61,5.05,5.61,5.61,67510
1712041200,5.45,5.49,5.2,5.25,5.25,60670
1712127600,5.25,5.25,4.7,4.97,4.97,137880
1712214000,4.99,5.19,4.91,4.91,4.91,46640
1712300400,4.95,4.95,4.64,4.8,4.8,115000
1712559600,4.8,4.83,4.45,4.71,4.71,129300
1712646000,4.6,4.7,4.54,4.65,4.65,47490
1712732400,4.72,4.75,4.56,4.66,4.66,59440
1712818800,4.81,5.08,4.66,4.95,4.95,77710
1712905200,4.97,5.5,4.71,5.1,5.1,106350
1713164400,5.3,5.44,4.69,4.93,4.93,184670
1713250800,5.06,5.08,4.83,4.88,4.88,31920
1713337200,4.98,4.98,4.52,4.71,4.71,61080
1713423600,5.0,5.09,4.62,4.88,4.88,140930
1713510000,5.05,5.05,4.75,4.87,4.87,53200
1713769200,4.79,4.86,4.62,4.83,4.83,45160
1713855600,4.81,5.2,4.73,4.92,4.92,70440
1713942000,5.0,5.24,4.8,5.05,5.05,87840
1714028400,5.04,5.1,4.69,4.89,4.89,78530
1714114800,4.81,5.02,4.79,4.85,4.85,31700
1714374000,4.97,5.1,4.85,4.95,4.95,114350
1714460400,4.9,5.15,4.9,4.9,4.9,49840
1714546800,4.9,5.05,4.8,4.93,4.93,54400
1714633200,5.0,5.04,4.85,5.0,5.0,21660
1714719600,5.0,5.08,4.88,4.9,4.9,41160
1714978800,5.05,5.05,4.82,4.86,4.86,35600
1715065200,5.0,5.0,4.75,4.88,4.88,15190
1715151600,4.9,4.93,4.8,4.85,4.85,15730
1715238000,4.88,4.98,4.75,4.97,4.97,13810
1715324400,4.9,5.0,4.85,4.86,4.86,20370
1715583600,5.0,5.0,4.8,4.83,4.83,18910
1715670000,5.0,5.07,4.8,4.99,4.99,42910
1715756400,5.02,5.02,4.76,4.95,4.95,39150
1715842800,4.9,5.08,4.82,4.99,4.99,54750
1715929200,4.91,5.0,4.88,4.92,4.92,22080
1716188400,4.9,4.91,4.61,4.71,4.71,68480
1716274800,4.8,4.89,4.65,4.84,4.84,35580
1716361200,4.8,4.84,4.65,4.84,4.84,75230
1716447600,4.71,4.8,4.6,4.6,4.6,47750
1716534000,4.65,4.69,4.4,4.54,4.54,85800
1716879600,4.59,4.6,4.3,4.52,4.52,78710
1716966000,4.48,4.51,4.21,4.37,4.37,43740
1717052400,4.46,4.49,4.28,4.4,4.4,36760
1717138800,4.6,4.6,4.36,4.56,4.56,37960
1717398000,4.54,4.65,4.47,4.57,4.57,48590
1717484400,4.56,4.65,4.55,4.64,4.64,12130
1717570800,4.65,4.9,4.56,4.9,4.9,40740
1717657200,4.9,4.9,4.7,4.73,4.73,29990
1717743600,4.67,4.67,4.3,4.31,4.31,50030
1718002800,4.39,4.84,4.05,4.77,4.77,150340
1718089200,4.6,4.95,4.6,4.95,4.95,46620
1718175600,4.9,5.0,4.73,4.92,4.92,62190
1718262000,4.9,4.94,4.75,4.86,4.86,26710
1718348400,4.77,4.9,4.53,4.6,4.6,26840
1718607600,4.6,4.71,4.4,4.62,4.62,61810
1718694000,4.7,4.7,4.49,4.49,4.49,32150
1718866800,4.53,4.9,4.53,4.64,4.64,59680
1718953200,4.63,4.85,4.63,4.7,4.7,78890
1719212400,4.84,4.99,4.74,4.74,4.74,105640
1719298800,4.93,4.93,4.49,4.49,4.49,54530
1719385200,4.6,4.75,4.4,4.57,4.57,51290
1719471600,4.58,4.65,4.25,4.46,4.46,66150
1719558000,4.4,4.43,4.01,4.01,4.01,136530
1719817200,4.21,4.27,4.02,4.17,4.17,108610
1719903600,4.19,4.19,4.03,4.05,4.05,33980
1719990000,4.3,4.37,4.07,4.16,4.16,14530
1720162800,4.25,4.25,4.02,4.09,4.09,41650
1720422000,4.2,4.21,4.0,4.0,4.0,30140
1720508400,4.08,4.15,4.0,4.1,4.1,22750
1720594800,4.1,4.33,4.1,4.32,4.32,25530
1720681200,4.32,4.5,4.22,4.36,4.36,49080
1720767600,4.43,4.65,4.4,4.64,4.64,30960
1721026800,4.6,4.66,4.31,4.36,4.36,34190
1721113200,4.36,4.5,4.27,4.5,4.5,35450
1721199600,4.51,4.7,4.37,4.48,4.48,25260
1721286000,4.57,4.61,4.12,4.12,4.12,30290
1721372400,4.1,4.16,3.82,3.86,3.86,49420
1721631600,3.85,4.38,3.8,4.3,4.3,288090
1721718000,3.99,3.99,3.45,3.85,3.85,274860
1721804400,3.89,4.18,3.82,4.07,4.07,110730
1721890800,4.13,4.57,4.0,4.43,4.43,123670
1721977200,4.49,4.77,4.4,4.7,4.7,130660
1722236400,4.76,4.76,4.1,4.1,4.1,81580
1722322800,4.18,4.31,3.84,3.84,3.84,50660
1722409200,3.9,3.98,3.83,3.89,3.89,27520
1722495600,3.97,4.05,3.8,3.8,3.8,40160
1722582000,3.82,3.88,3.53,3.6,3.6,103400
1722841200,3.3,3.33,2.51,2.94,2.94,168770
1722927600,2.79,2.79,2.07,2.31,2.31,356200
1723014000,2.25,2.38,2.12,2.18,2.18,204400
1723100400,2.2,2.74,2.19,2.47,2.47,317100
1723186800,2.47,2.755,2.46,2.48,2.48,139900
1723446000,2.6,2.69,2.18,2.23,2.23,189400
1723532400,2.33,2.44,2.19,2.21,2.21,63000
1723618800,2.2,2.3,2.15,2.21,2.21,54400
1723705200,2.26,2.44,2.22,2.37,2.37,130700
1723791600,2.43,3.44,2.43,3.25,3.25,642100
1724050800,3.31,3.88,3.06,3.88,3.88,320800
1724137200,3.67,3.874,3.26,3.34,3.34,157400
1724223600,3.62,3.66,3.41,3.42,3.42,108700
1724310000,3.49,3.49,3.13,3.34,3.34,91100
1724396400,3.4,3.45,3.18,3.23,3.23,49600
1724655600,3.33,3.33,2.95,3.0,3.0,72400
1724742000,3.04,3.17,2.7,2.91,2.91,278100
1724828400,2.97,3.04,2.73,2.74,2.74,41300
1724914800,2.75,2.92,2.722,2.77,2.77,34600
1725001200,2.76,2.84,2.72,2.78,2.78,13800
1725346800,2.72,2.74,2.45,2.67,2.67,213300
1725433200,2.68,2.686,2.56,2.65,2.65,34900
1725519600,2.68,2.72,2.55,2.63,2.63,31300
1725606000,2.61,2.62,2.43,2.49,2.49,36800
1725865200,2.52,2.62,2.45,2.54,2.54,18500
1725951600,2.59,2.78,2.51,2.74,2.74,43100
1726038000,2.72,2.89,2.65,2.89,2.89,41600
1726124400,2.89,3.34,2.81,3.17,3.17,120600
1726210800,3.2,3.22,2.95,3.16,3.16,34000
1726470000,3.26,3.28,3.021,3.13,3.13,44000
1726556400,3.11,3.11,2.85,2.95,2.95,49200
1726642800,2.98,3.04,2.89,2.9,2.9,32300
1726729200,3.0,3.0,2.8,2.83,2.83,72100
1726815600,2.83,2.97,2.67,2.76,2.76,85500
1727074800,2.76,2.89,2.76,2.8,2.8,342100
1727161200,1.39,1.41,1.04,1.18,1.18,2866700
1727247600,1.27,1.29,1.2,1.2,1.2,415200
1727334000,1.21,1.25,1.09,1.11,1.11,582700
1727420400,1.15,1.22,1.13,1.2,1.2,268500
1727679600,1.18,1.24,1.16,1.2,1.2,147900
1727766000,1.22,1.225,1.15,1.15,1.15,175400
1727852400,1.16,1.22,1.15,1.19,1.19,105000
1727938800,1.2,1.2,1.15,1.18,1.18,126400
1728025200,1.18,1.2,1.15,1.19,1.19,113700
1728284400,1.21,1.23,1.16,1.2,1.2,97300
1728370800,1.23,1.3,1.2,1.29,1.29,302100
1728457200,1.26,1.288,1.192,1.21,1.21,118600
1728543600,1.19,1.247,1.16,1.17,1.17,72900
1728630000,1.19,1.19,1.16,1.18,1.18,81900
1728889200,1.2,1.205,1.12,1.14,1.14,166200
1728975600,1.16,1.17,1.07,1.1,1.1,221900
1729062000,1.12,1.13,1.07,1.13,1.13,163600
1729148400,1.12,1.13,1.1,1.12,1.12,84700
1729234800,1.13,2.88,1.09,2.35,2.35,50823300
1729494000,4.1,7.5,2.41,2.63,2.63,145582658
